-297
-68
-43
358
2549
3357
4643
8289
10693
11005
9582
7544
4577
-239
-4660
-6983
-8658
-11465
-12569
-11063
-9116
-7240
-5198
-588
4533
7122
9267
11725
13165
12106
9927
8478
5682
77
-4288
-6760
-9767
-12518
-14361
-13142
-9290
-6099
-3146
1217
5321
8288
11440
14852
16199
14470
11394
8039
4946
461
-4842
-8101
-10622
-13426
-14689
-13003
-9705
-6893
-3403
1636
5299
7179
7771
8663
10768
9823
7568
6491
3669
-976
-4674
-6800
-8519
-10356
-12126
-11022
-7682
-5685
-3520
28
3898
6999
9663
12338
13603
11989
8984
6605
2979
-2073
-5874
-7144
-8583
-11480
-12847
-11712
-9189
-7412
-6028
-1918
3414
7209
10597
13931
15139
13152
10123
7927
4940
258
-4328
-7651
-9961
-12376
-13849
-11920
-9181
-7430
-5270
-1739
2456
5432
7892
10634
11624
10183
8248
6790
4921
1133
-2827
-5489
-8417
-11165
-12992
-12957
-11243
-9660
-6484
-1097
4325
8053
10587
14009
15652
13725
10403
7281
3936
-1843
-7052
-9393
-11248
-12860
-13809
-13187
-10632
-8650
-6027
-847
3668
7151
10198
12128
13525
12123
9131
6971
4255
210
-4006
-6626
-9089
-12446
-14737
-13607
-10297
-7751
-5195
-344
4106
6610
9851
12396
13174
11825
8329
5379
2916
-1273
-5234
-6802
-9100
-11970
-12964
-12048
-8948
-5817
-2945
1266
4878
7146
9157
11871
13712
12541
10134
7557
4298
274
-4152
-6839
-8083
-10134
-11569
-10596
-8362
-6752
-4420
-175
3910
7256
10111
12553
13893
12094
8727
6382
4328
603
-3731
-5662
-7309
-10661
-13026
-12467
-10311
-7965
-4789
-229
4257
6358
6963
9209
10996
10724
10823
9758
6378
1616
-3839
-7683
-10481
-13701
-14696
-13147
-9885
-7237
-4734
581
5512
7817
9489
12458
13793
12503
10953
8546
4842
65
-4745
-8030
-10478
-13139
-14254
-12869
-10725
-8526
-5691
-700
5195
8470
10591
13566
15023
12801
9385
5913
1843
-1471
-4929
-7280
-8631
-12210
-14555
-14024
-12348
-9166
-5054
431
5780
9116
11272
13017
13728
11938
8882
7311
4943
617
-3242
-6078
-8843
-12003
-13742
-12172
-9152
-7177
-3760
1021
5334
8436
10413
12716
14117
13130
10221
7420
4607
-249
-4695
-6748
-9202
-11724
-13283
-12791
-10118
-7819
-4813
-95
5015
8709
11267
13615
14609
13102
10676
8656
5131
538
-3485
-6731
-9351
-11848
-13588
-12547
-9888
-7513
-4227
650
5373
7730
9580
12157
13019
11138
8124
5295
2236
-2599
-6967
-8101
-9076
-10852
-11512
-10498
-7770
-4829
-2212
2304
6335
7789
9994
13323
14694
13455
11666
9445
6267
1288
-3738
-5943
-7600
-10102
-11526
-10038
-7333
-4853
-2096
1052
4700
7429
10193
12905
14253
14058
11853
9689
6977
1457
-4446
-7995
-11057
-14189
-15700
-15152
-12881
-10662
-7516
-1753
3739
7423
10832
13812
15247
13849
10367
7424
4466
-492
-4734
-6026
-8210
-11360
-11832
-10088
-7828
-6050
-4186
-330
4104
6982
9019
10958
12153
11773
9846
8265
6077
916
-4313
-7479
-10073
-13250
-15015
-14153
-11922
-8472
-4187
967
5917
8264
9997
12660
13767
12533
10482
8118
4665
-161
-5049
-7729
-9449
-12538
-14773
-13163
-9726
-7425
-4322
903
5407
7314
8596
11464
14094
13547
11595
10304
7494
2787
-2054
-5975
-9014
-11815
-12712
-11097
-9002
-6922
-3818
744
5574
8285
10905
14067
14668
13278
10698
8130
4773
-186
-5265
-8056
-9237
-11761
-13008
-11475
-9438
-7867
-4826
371
5075
7771
9930
12129
12832
11261
9277
7856
5302
768
-4874
-8434
-10241
-12490
-12872
-11246
-8984
-6116
-2732
2073
6153
8077
10016
12417
13821
12198
8339
5278
2751
-1172
-5480
-9029
-11846
-14284
-15450
-13424
-10070
-7424
-3190
2676
7384
10126
11043
12570
13859
12470
9812
6587
2644
-2607
-6466
-7616
-8776
-10446
-11988
-11750
-9808
-8030
-5427
-397
4283
7049
9719
12284
13861
12891
9911
6826
2945
-1996
-6796
-9057
-10739
-13439
-14764
-14180
-11462
-9589
-6693
-1306
3410
6935
9016
11544
13274
12531
10914
9059
6614
2029
-3079
-5515
-8520
-12270
-12443
-10220
-7450
-5135
-3614
-221
3760
5880
7791
10305
12330
11144
8683
6778
4240
-102
-5035
-7466
-9093
-10620
-11267
-10310
-7936
-5400
-2656
1556
6063
7766
8799
11386
12576
11167
9296
7750
5450
1724
-2427
-5343
-7547
-11335
-13521
-11237
-8028
-5160
-1489
2713
6023
7112
8264
10027
11067
10631
8012
5632
2941
-1895
-7114
-9627
-11133
-13463
-14267
-12635
-9044
-6539
-4160
520
4786
7208
9133
11289
12259
11159
8521
6165
3294
-1936
-6569
-9449
-11392
-12952
-14048
-12145
-9020
-6866
-3145
1621
4262
5631
7490
9524
11444
11180
8939
7262
5295
1224
-3449
-6220
-8524
-10947
-11556
-10396
-9031
-7714
-5423
-1460
3790
7017
8986
11870
12570
10790
8339
6311
3718
-645
-4437
-7347
-10157
-12149
-13219
-11537
-7911
-5639
-2767
1106
4321
6516
8136
10422
11924
10954
7734
5087
2164
-2381
-6372
-9153
-10882
-13020
-14250
-12416
-9569
-7884
-5954
-2175
2216
5575
7838
9879
11317
10562
8584
7438
4862
-720
-5850
-8672
-10745
-12965
-14115
-12847
-10530
-8361
-5934
-2166
2042
5724
9215
12355
14249
12618
9981
8234
4933
258
-4269
-7627
-9575
-11912
-13506
-11633
-9190
-8345
-6613
-2012
3465
7603
10490
12421
13780
12467
8953
7048
4110
-1332
-6285
-9990
-12228
-14008
-14105
-12247
-10093
-7969
-4929
658
5631
7661
9595
12578
14325
13006
9954
7062
3374
-1322
-5606
-7662
-8188
-9766
-11093
-10406
-9249
-7961
-5292
-774
3976
6722
8882
12039
14170
13945
11405
7529
3759
-1164
-5231
-6773
-7954
-9954
-11802
-11950
-11152
-9005
-5929
-1041
4651
7696
9853
11996
12685
11189
9292
7940
5231
181
-5201
-9054
-11705
-13814
-14717
-12586
-9398
-6996
-4057
109
4093
6266
8775
12982
15280
13901
10699
7593
4342
-528
-4658
-6711
-9474
-12469
-13928
-12822
-9713
-7128
-4198
781
5276
7699
9977
12111
13388
12811
10085
8328
5915
1168
-2937
-6006
-8528
-11696
-13889
-12960
-10554
-8206
-5320
-720
3532
6025
8802
11609
12772
11590
8585
5391
2137
-2433
-7245
-9631
-11292
-13561
-14546
-13549
-11403
-8653
-4010
1710
5820
7768
9163
11161
11528
9571
7392
5313
2783
-568
-4579
-7490
-9417
-11916
-13034
-12114
-10567
-8257
-4301
755
5251
8233
9585
11056
12485
11972
10322
9318
6803
2207
-2279
-6089
-9802
-13979
-15555
-12910
-9149
-6561
-4137
-175
4766
8197
10901
13434
14039
13252
11114
8760
5910
302
-5637
-8840
-11033
-13731
-15165
-13703
-10683
-8425
-5667
-942
3678
6602
9353
12071
13126
11549
8779
7214
4888
440
-3704
-5976
-7299
-10106
-12995
-13441
-11846
-9217
-5634
152
5314
8069
9619
10927
12177
11329
9270
7326
4866
198
-5243
-8444
-11177
-13654
-14102
-12852
-10645
-8675
-5831
-834
3982
7090
8570
10503
12548
11961
9584
7664
5122
573
-3325
-5838
-7982
-10509
-12264
-10886
-8299
-6855
-4756
8
5137
7998
9971
13214
15568
14786
11944
8195
3581
-2551
-7664
-9682
-11364
-13981
-15416
-13254
-9521
-6739
-2920
2040
5990
7260
7142
8665
10464
9219
7192
5589
2874
-1084
-5450
-8205
-9743
-11484
-12828
-12193
-10429
-8786
-6210
-863
5253
9135
11314
13350
14213
12674
10833
7907
3723
-482
-4882
-7570
-8589
-10183
-11594
-10354
-8029
-6429
-3577
1239
5603
9102
11692
12992
13454
11808
8833
6974
5194
1054
-3322
-6095
-8910
-12018
-13828
-12600
-9900
-8729
-6636
-2066
2177
5941
9317
11990
13588
12402
9541
7484
4441
57
-3517
-6752
-8904
-11533
-13712
-12836
-11464
-10193
-7224
-2592
1836
4965
7187
9364
11052
11065
9547
7861
4845
-42
-3858
-6132
-8406
-11404
-13651
-13852
-12491
-9743
-6031
-433
4863
7150
8304
10338
12028
10455
7963
6415
4069
-830
-5938
-8307
-9944
-11273
-12232
-11463
-9034
-7836
-5271
-609
3145
5884
7418
9408
11075
9864
8424
6570
2959
-1163
-4921
-7344
-9053
-10708
-11606
-9624
-6786
-5556
-3391
696
4565
6834
8206
10587
12955
11639
9049
6933
3952
214
-4222
-7267
-9346
-12648
-13822
-11175
-8022
-5849
-3701
318
5067
8077
10125
11421
11496
10089
8000
6895
5071
1113
-3070
-6328
-9306
-12401
-14151
-13371
-10865
-8038
-4515
689
5083
7476
9755
12100
13371
11837
8402
5733
3023
-1044
-5540
-8009
-9983
-12854
-13541
-11902
-9334
-6855
-3756
1134
5514
7723
9786
12739
14050
12663
9697
6483
3604
-541
-4401
-6451
-8037
-9728
-11599
-10819
-8531
-7597
-5462
-890
3460
5626
7699
10138
12008
11951
9914
8403
5270
-234
-5044
-7859
-9660
-11364
-12772
-12707
-11045
-8788
-5286
624
6629
9583
12484
15265
15252
13300
10371
8174
5510
509
-4491
-7428
-9885
-12818
-13801
-12636
-10406
-8170
-5776
-1042
4289
8139
11245
13777
15001
14160
11911
9257
6278
905
-5305
-8193
-10679
-13363
-13548
-11295
-7709
-4656
-1930
2332
6950
9442
11349
13564
13449
10943
8411
6349
3782
-80
-4515
-7367
-9314
-11991
-13773
-13506
-11207
-8284
-4877
-218
3978
6907
9718
12702
14224
12733
9120
6030
3235
-1205
-5965
-8675
-10681
-12755
-12973
-11723
-10298
-8611
-6388
-2283
2921
6399
9216
12473
13593
12005
9257
6277
4134
724
-3976
-5994
-7890
-11166
-12642
-11932
-9316
-7096
-5035
-957
3962
7188
8436
9857
10819
9541
6790
4600
2562
-1327
-5445
-7228
-8678
-10986
-12247
-11303
-8992
-7136
-4885
-594
5186
9472
11824
14108
15131
13202
9868
7918
5018
519
-3138
-5660
-7675
-10381
-11872
-10889
-9028
-7829
-6152
-1813
2942
6354
9322
12650
14860
14058
11820
9168
5475
222
-5027
-7427
-8531
-11474
-13891
-13507
-12141
-9881
-6374
-1614
4252
8454
10775
12855
13283
11539
9584
7737
4172
-1312
-5863
-7916
-9685
-12284
-13759
-12104
-9329
-7231
-5046
-542
5223
8287
10374
13018
13893
11078
7853
6646
4520
626
-3542
-6038
-8093
-11111
-12617
-11404
-8996
-7028
-3913
798
5403
8516
10472
12445
13250
11498
8435
6505
3639
-1100
-4893
-8032
-10757
-13279
-14952
-13548
-10960
-7987
-4547
-636
3453
6025
9192
12685
14335
13248
10597
8910
6563
2389
-2117
-5451
-7957
-11053
-13090
-12299
-9909
-7177
-3648
1291
6043
7955
9242
11489
12413
11252
8695
6146
2558
-2182
-6219
-8619
-10261
-12724
-14657
-13562
-10727
-7789
-4010
395
4621
7025
8883
11967
14167
13488
10505
8217
4492
-766
-4498
-7640
-8763
-9918
-10769
-8579
-6127
-4382
-2271
2022
6373
8819
10771
12375
13390
11966
9478
7589
4708
-75
-5156
-7641
-8935
-10998
-12453
-11019
-7979
-5340
-1931
2282
6046
8173
9774
12084
13314
11876
9183
7169
4473
730
-2834
-5463
-7005
-9206
-11274
-10609
-8598
-7755
-6610
-2271
3178
6600
9245
11653
12954
12039
10510
9790
7527
2834
-2297
-5763
-8020
-10471
-12000
-11020
-8636
-6839
-4465
176
4113
6777
9687
12233
13523
12447
10299
8169
4999
210
-5388
-8991
-11011
-13672
-14311
-12646
-10700
-8120
-5526
-1334
4069
6753
8440
11217
11975
10355
7815
5499
3560
-491
-4854
-7100
-8857
-10589
-11488
-9795
-6333
-4718
-3325
-231
2849
5292
8071
11478
13778
13059
10933
9048
6544
2900
-1330
-4868
-7481
-10382
-12774
-11865
-9654
-8157
-5894
-2400
1653
4809
7408
10963
13078
12047
10528
8712
5390
40
-5587
-8621
-10263
-11999
-12515
-11464
-10700
-9928
-7863
-2813
3458
7035
9625
12325
13788
13406
10732
7937
4962
-198
-4581
-7011
-8851
-11143
-12497
-10246
-7336
-5661
-2883
1836
6339
8462
10046
13140
15484
14161
9520
5485
2928
-1031
-4734
-6850
-8992
-11573
-13148
-11892
-9599
-8020
-4777
853
6132
9978
12836
14908
16013
14597
11520
8650
4742
-333
-4860
-8122
-10169
-12632
-13918
-11347
-8259
-5892
-3358
-504
2759
5301
7572
10127
10995
9150
6963
5292
2631
-1223
-5195
-7625
-9893
-13134
-15355
-14410
-10481
-7361
-3857
1648
6147
8799
10592
12396
13246
11485
8546
6232
3038
-1206
-4670
-6835
-8008
-9580
-11825
-12195
-11217
-10456
-7902
-3048
2249
6074
8501
11250
12652
11695
9517
6541
3872
-390
-5468
-8341
-9744
-11274
-12243
-10407
-8614
-7843
-5003
224
5987
9599
12071
15343
16643
14388
11694
9579
6213
745
-4591
-8083
-10250
-11741
-12720
-10811
-8106
-7693
-5963
-1929
2782
8001
11155
13372
15001
12772
10011
8168
4975
60
-5205
-8137
-10971
-14036
-14719
-13616
-10943
-8232
-5518
-735
3864
6353
8239
10842
13085
12152
9825
7567
3976
-561
-5792
-8908
-10380
-12889
-14123
-12829
-9514
-6224
-2555
2316
6405
8833
9300
10447
12300
10798
8445
7381
4337
-313
-4825
-7620
-9445
-12189
-13233
-11452
-8299
-5631
-2664
1491
4584
7042
9576
12356
13644
11814
9135
7223
5076
414
-4218
-6465
-8387
-10990
-12814
-12327
-11254
-9581
-6490
-793
5499
8565
10397
12768
13927
12744
10624
8409
5548
20
-5420
-8589
-11526
-13824
-14359
-12134
-8980
-6608
-4085
582
6087
8852
10651
12697
13516
12174
9606
7716
5107
810
-3886
-7868
-11057
-13313
-14015
-12297
-9635
-7478
-4529
-385
3675
6646
9349
12313
14251
12360
8941
6832
3806
-212
-4032
-6333
-8334
-11413
-13223
-12711
-10260
-7558
-4820
-389
3945
5975
7685
10199
11436
10612
8344
6312
2935
-2618
-7427
-10508
-12296
-14493
-15616
-13341
-10643
-9119
-6610
-2003
4278
8762
10843
12699
13485
12424
10088
7222
2633
-3166
-7770
-10222
-11936
-14240
-15625
-14350
-11207
-8283
-3638
2675
6790
8467
9361
10614
11509
10951
9724
7891
3814
-1839
-6406
-8539
-9820
-11590
-12239
-10605
-7491
-5037
-2711
1199
5889
9437
11256
13497
14594
12521
10264
8473
5219
44
-5560
-9276
-11370
-13074
-13958
-12322
-9037
-6940
-4254
-89
3810
5557
6532
9034
10925
10921
9613
7882
5263
1402
-3117
-6058
-8145
-11490
-13204
-12070
-9731
-7664
-4796
-1
4333
7268
9247
11226
13013
10926
7775
6366
3887
198
-3666
-6038
-7333
-10266
-13154
-12891
-10779
-8106
-4708
162
4582
6511
8570
11302
12828
11895
9658
8171
5378
783
-3429
-6405
-8592
-10874
-12103
-11002
-8190
-6766
-5167
-439
4539
8017
10228
12764
13940
11480
8942
7125
4422
784
-3137
-6404
-8985
-11102
-12728
-12029
-9826
-8232
-5652
-1757
2703
6566
9718
13197
14856
13425
9569
6007
2314
-2594
-5714
-8106
-10813
-12829
-13718
-11973
-8582
-5918
-2462
1265
4175
7202
9477
11409
12301
10316
7742
5571
2685
-1130
-4914
-6527
-8367
-11490
-13915
-13541
-10199
-7280
-3301
2793
6927
8763
10408
12076
13564
12965
9869
7452
4997
334
-3948
-5878
-8166
-11380
-12355
-10785
-8468
-6296
-3251
1130
5336
7912
9939
13382
16365
16299
13174
9771
6240
702
-4541
-8065
-10046
-11900
-13876
-13009
-10652
-9318
-6477
-1618
3213
7382
10738
14261
16262
14402
10958
7949
3962
-1628
-6483
-8782
-9946
-11864
-13525
-12403
-10099
-8845
-5507
-423
4061
7599
9591
11061
12066
10785
7514
5171
2388
-2181
-5720
-7872
-9317
-11206
-13108
-11721
-8926
-6659
-2959
1647
5334
7409
8695
11098
12900
11178
9519
8873
5898
940
-4729
-9007
-11197
-12759
-13131
-11628
-9912
-9332
-7268
-2407
2090
5443
8316
11099
12994
12234
10040
8203
5704
1537
-2658
-5735
-8136
-11520
-13430
-11839
-9308
-7050
-4561
-42
4258
6518
8092
10589
12996
12271
9073
5660
2149
-2742
-6659
-8687
-10450
-12035
-12057
-9788
-6985
-4916
-2908
919
4354
6289
8687
11301
13621
12956
10293
8182
4335
-870
-5042
-8177
-10482
-12756
-14275
-13483
-11494
-9546
-7198
-2731
2471
6311
9892
13129
13935
11455
7495
4828
2834
-830
-4485
-6721
-8852
-10905
-13119
-12944
-9721
-7265
-4803
-142
4386
7657
10359
12375
13798
12612
9781
7380
4216
-480
-4981
-7560
-9307
-11760
-14099
-13470
-10732
-8278
-4511
762
4846
6696
8626
11597
12358
9929
6856
4305
1526
-1704
-4959
-7430
-9491
-12255
-13646
-12350
-10091
-7977
-4524
729
5130
7543
9194
11260
11948
9728
7115
5288
3153
-219
-3942
-6837
-9115
-11064
-12475
-11026
-7855
-6341
-3891
679
4917
8141
10225
12752
13911
11595
8693
6779
4261
-574
-5278
-7796
-10158
-13082
-14590
-12962
-9594
-7079
-3788
1192
5486
8487
11046
12799
12576
10150
6402
3747
956
-3465
-7649
-10663
-12604
-14250
-14690
-12792
-10198
-8011
-4860
-415
4359
7213
9273
12429
13223
11023
8378
5765
2848
-720
-4808
-7917
-9535
-11545
-12541
-10616
-8643
-6979
-4067
166
4230
6690
8160
9795
11102
10094
7744
5127
2038
-1775
-5466
-7365
-8601
-9863
-11092
-10184
-6955
-4903
-2089
3147
7274
9418
11329
12913
13834
12851
9633
6644
2889
-2508
-6656
-9286
-11890
-14803
-15850
-14155
-11243
-8372
-5517
-549
4268
6623
9051
12297
14741
14278
11536
8434
4616
-574
-5833
-8046
-9907
-12498
-13073
-12260
-9912
-7545
-4032
2002
7266
10546
12327
12853
12057
9852
7827
6644
4295
494
-3305
-6175
-8686
-12042
-13857
-12469
-10895
-9019
-5688
-1585
2774
5053
6559
9364
11450
11253
9938
9352
7000
1298
-3612
-7197
-10687
-12930
-14048
-12637
-9283
-6981
-4637
333
5364
8219
10695
12835
13935
12691
10083
7820
3873
-1206
-5534
-8179
-9828
-12962
-15096
-14443
-12719
-10626
-7191
-1835
3302
6013
7537
10378
12426
12035
10441
9048
6085
209
-4501
-6585
-8061
-10282
-11984
-10844
-8289
-6675
-4236
233
4704
7463
9708
12627
14211
13378
11248
8305
4666
185
-4996
-8003
-9347
-12178
-14353
-13445
-11603
-10252
-7005
-987
4616
7649
10141
13184
14562
12743
9275
7066
4270
-843
-5363
-7862
-9026
-10753
-12342
-11253
-9105
-7256
-4525
161
4359
5599
6808
9316
11254
10102
7805
6752
3879
-1275
-6426
-9630
-10595
-11458
-12045
-10391
-8709
-8067
-6056
-1589
3808
6881
9055
11944
13209
12606
10311
8089
5389
300
-4033
-6175
-7848
-10046
-11483
-11122
-9330
-7486
-4893
50
5166
9112
12119
13615
13619
11617
8717
7966
6430
2364
-1901
-6005
-9971
-13524
-14482
-11882
-8623
-7234
-5188
-1556
2399
5645
7658
10434
12554
12477
10615
7741
4354
-535
-5644
-8823
-11041
-12957
-13333
-12119
-9558
-7098
-4224
853
6194
9289
11088
13630
14469
12417
9989
7445
4222
-971
-6874
-9430
-10831
-12461
-12961
-12557
-10875
-8729
-5516
-370
4205
6426
8285
10719
12133
11508
9968
8151
4904
-648
-6586
-10315
-13126
-15319
-15802
-13941
-11229
-8992
-6035
-1910
3434
7339
9519
12065
13554
12281
9929
8517
5445
160
-4183
-7498
-9833
-11732
-13485
-12431
-9877
-7899
-4754
-306
3813
6936
8901
10849
12465
11827
9238
6762
4569
-462
-5953
-8832
-11503
-13516
-14346
-13603
-11340
-9441
-6567
-2046
2456
5301
7670
11155
13516
12495
10090
8278
5422
1403
-3266
-6653
-8560
-11089
-12090
-10821
-8389
-5924
-3991
-164
4440
7315
10239
13139
14561
13935
11167
8703
6062
1615
-2690
-6682
-10251
-13482
-15676
-14079
-11460
-9850
-6681
-1888
3224
6488
8353
11165
13420
12852
10527
8396
4706
438
-3279
-6127
-8638
-11876
-13723
-12980
-10455
-8634
-5355
116
4954
8652
11228
13359
14383
11967
8206
5789
3027
-765
-4929
-7681
-9763
-13006
-14640
-13146
-10305
-7623
-4930
-1003
3775
6577
7958
9826
10993
10207
7868
6291
4250
101
-3706
-6124
-8423
-11536
-13710
-12807
-9925
-7076
-4190
95
3590
5185
7407
11095
13565
12980
11200
8953
6923
3174
-1724
-4277
-7076
-10966
-12696
-12227
-10523
-7894
-4705
596
6081
8826
10531
12215
12342
10925
8766
6241
3276
-973
-6159
-9144
-10536
-13207
-14647
-14100
-12117
-8969
-5372
-380
4840
8386
10747
12687
13338
11666
9014
6485
3572
-677
-4825
-6873
-8255
-10550
-12628
-11708
-9109
-6937
-3514
1625
6304
8956
10816
13229
13995
12145
9889
7672
4999
198
-5440
-8307
-9693
-11303
-12354
-10879
-8175
-6848
-4156
831
4844
7404
9218
11438
13314
11894
9725
7677
4288
192
-4255
-6723
-8456
-12104
-14213
-12355
-9384
-7435
-4930
-217
5461
8460
9681
12218
13264
12010
10241
8151
5361
-86
-6632
-9151
-10085
-12153
-12660
-11650
-9783
-7615
-4975
-57
5009
7700
10100
11901
11896
10544
8533
6889
5075
807
-4511
-7624
-9787
-11244
-11549
-9907
-7361
-6573
-4967
-970
3372
6432
8791
12095
14352
13545
10863
8247
5431
135
-5510
-8847
-11077
-12815
-12936
-11290
-9054
-7674
-6289
-2170
2715
5758
8592
11617
12721
11353
9886
8879
6215
1114
-4277
-8329
-11618
-14610
-16073
-13655
-9859
-7030
-3645
996
5593
7844
8929
11074
12915
12916
11335
8777
5356
-281
-6394
-9738
-11040
-12477
-12850
-11517
-10073
-8433
-5981
-850
4840
7797
10475
13310
13783
12857
10498
7656
5660
1584
-3338
-6935
-10381
-13483
-14926
-13554
-10447
-7645
-5269
-1556
3043
5843
7941
10759
12892
12043
9236
6557
4122
244
-5073
-8793
-11476
-14113
-15398
-14091
-10798
-8074
-5241
-313
3955
6398
8438
11055
12213
10381
7829
5379
3178
-739
-5033
-6507
-7303
-9507
-11970
-11603
-8955
-7367
-4742
-57
3694
6329
8327
10608
11491
9718
7226
5279
3445
-1019
-6065
-9010
-11198
-12879
-13533
-11836
-9179
-7555
-5620
-1730
3974
7638
9783
13178
14398
13134
11108
8498
5547
329
-5021
-7994
-10094
-11981
-13659
-12760
-10032
-7782
-4242
1249
6486
8935
10432
12566
13361
11702
9891
8781
6199
2651
-1179
-4162
-6722
-10442
-12400
-11590
-9402
-6929
-3805
1253
5760
7966
10027
12625
13970
13903
12462
9672
6309
1893
-3443
-6636
-8103
-10378
-10576
-8249
-5937
-3921
-2410
679
5297
8194
9586
10764
11544
10894
9693
8520
6053
1994
-2821
-6135
-7944
-10504
-12063
-10909
-8545
-6476
-4068
425
5146
8586
10807
12923
14073
11765
8499
5685
2760
-1051
-5725
-9010
-11658
-14479
-15740
-14036
-10597
-7962
-5208
-547
4266
6831
9294
12498
13246
12058
9545
6339
3443
-766
-4660
-6575
-8389
-11590
-13720
-12563
-10322
-8206
-4375
1497
6593
9424
10501
11711
13260
12220
9169
6116
2926
-604
-4217
-7329
-9455
-11259
-12092
-10474
-8346
-6377
-3927
-542
3541
5778
7739
11311
13089
11669
9550
8074
5382
1215
-2934
-6467
-8700
-11501
-13637
-12897
-11173
-8957
-6062
-1852
2627
5427
8849
13082
15206
14041
10663
7183
3301
-1229
-5213
-7832
-10507
-13395
-14498
-12975
-10025
-7992
-4985
-284
3868
7562
10024
12246
13498
11958
9837
7217
3262
-1850
-6351
-8759
-11217
-13497
-14164
-12987
-10207
-7826
-5175
-1101
3850
7116
9309
13057
15412
15037
13228
10522
6077
412
-4652
-7436
-8415
-10590
-12062
-10870
-8397
-6114
-3331
2020
7740
10728
12680
13932
12797
10392
7790
5589
2670
-1755
-5934
-8299
-8942
-10244
-11408
-10241
-8250
-6439
-3536
1722
7163
9979
11844
13046
12372
10175
7736
6562
4806
1462
-2206
-5028
-8139
-11935
-13961
-13253
-10833
-8661
-5741
-864
4368
8488
10759
12924
14075
11765
9212
7835
4832
182
-3760
-6315
-8657
-11651
-13989
-13009
-10187
-7950
-5267
-1059
3305
5972
8818
11763
13299
12423
10138
8788
5630
614
-4163
-8044
-10446
-13243
-14989
-13895
-11824
-8922
-5076
-114
4760
7548
9749
12247
13503
11295
7643
5318
2395
-1291
-4782
-7774
-10002
-12882
-15336
-14194
-11308
-8669
-5131
-451
4309
7302
9440
12613
14084
12479
10073
7534
4322
-88
-4544
-7934
-10076
-12318
-13493
-11510
-8642
-5819
-3157
848
4996
6737
8756
11435
12771
12135
9938
7069
3765
-220
-4612
-7700
-9067
-11223
-13501
-12964
-10918
-9200
-6070
-475
4124
6767
9600
11944
12847
11503
8624
5796
3350
-659
-5942
-8285
-10459
-14496
-15908
-13952
-10608
-7212
-3869
552
5087
7268
8551
10387
11541
10172
7580
6155
3776
-134
-4720
-7550
-8567
-11124
-12956
-11820
-9669
-7815
-4369
703
5194
8512
10642
13261
14515
12468
10022
7918
5205
732
-4494
-6656
-7763
-10447
-11876
-10726
-7942
-5872
-2917
1349
4408
7460
9732
11387
12228
10964
9220
7757
5503
1194
-3732
-6642
-9414
-12968
-14211
-13239
-11034
-8867
-6277
-798
5184
8533
10446
13035
14718
13650
10821
7997
4818
464
-4555
-7865
-9019
-11415
-12635
-10608
-7865
-5409
-3002
592
4699
7518
9765
12742
13972
12605
10443
8639
6435
2013
-2791
-5911
-8986
-12371
-13231
-12133
-10278
-7627
-4586
269
4703
6992
9844
12515
14594
14415
11296
9248
6329
771
-4491
-7876
-9463
-11243
-12916
-11916
-8853
-6030
-3312
636
5376
7959
10037
13222
14049
13015
9689
5535
2654
-1554
-5447
-7335
-8848
-11022
-12285
-10892
-8258
-5894
-3755
-459
4150
7092
9828
13031
14103
13114
10436
7842
4105
-1196
-5763
-8739
-10408
-12229
-13101
-11281
-7834
-5599
-2745
2390
6322
9366
10994
11895
12242
9800
7447
5585
3241
-148
-4609
-7299
-8867
-11037
-12375
-11338
-9345
-7481
-4021
1030
5671
8934
11538
13347
14350
13377
10335
7544
3607
-1209
-5341
-7870
-9067
-11473
-13585
-12765
-10479
-8023
-3530
1869
6485
9383
10548
12711
14039
12663
9844
7616
5320
-6
-5697
-9452
-11258
-12695
-13597
-11786
-9100
-7203
-5169
-37
5826
9192
11539
13187
13451
11694
9453
7872
5357
864
-4060
-7277
-9331
-11785
-13136
-11560
-9463
-8241
-5855
-1212
4454
8316
10639
13107
14265
13120
11440
10306
7342
1962
-3724
-7948
-10910
-12884
-13289
-11689
-9098
-7299
-4875
-274
5360
9068
10682
11899
12237
10614
8367
7449
5731
1507
-2908
-6199
-8632
-11112
-13135
-12682
-10338
-7544
-4441
-37
4115
6310
7946
9689
11429
10795
7878
6630
5037
1215
-2973
-6392
-9561
-13077
-14141
-12553
-10245
-8560
-6047
-1565
2708
6149
8675
11436
13015
11444
9228
7734
4741
-357
-5175
-8613
-10209
-11626
-13394
-12653
-10596
-8716
-5921
-1241
3703
6654
8902
11535
12808
11576
9929
8533
6316
1602
-3543
-6189
-9022
-12577
-14292
-12938
-10163
-7866
-5031
-111
4330
6868
9294
11539
12869
11467
8185
5763
2983
-1127
-4631
-6895
-7861
-9468
-11419
-10490
-8937
-7781
-4439
797
5153
8034
10440
12923
13758
11399
8288
6069
2684
-2243
-6260
-8452
-9364
-11000
-12869
-12640
-11122
-9639
-7294
-2208
3629
7036
9343
11547
12329
10512
8256
7418
5255
782
-3429
-5833
-8415
-11559
-13221
-12303
-9719
-6687
-2618
1778
5050
6793
8691
11398
12797
11133
8760
8007
5437
813
-3393
-6767
-9221
-11632
-12588
-10972
-8828
-6864
-3348
1746
6436
9525
11024
12415
13397
12246
9982
8612
6377
1477
-3445
-6697
-9332
-12438
-14370
-13480
-11170
-8335
-4185
292
4092
7019
8553
11208
13358
12243
10267
8476
6092
1609
-3707
-7323
-10350
-12846
-12991
-10303
-7063
-5417
-3498
-103
3465
5816
7629
10393
11787
10633
8931
7783
5973
1460
-3905
-7252
-9561
-12472
-14194
-13328
-11269
-8927
-5843
-338
4770
6204
8372
11952
13700
12558
9579
7287
4834
787
-4729
-8383
-10209
-12995
-13799
-11485
-8631
-6183
-3497
-279
3520
6614
9159
12427
14793
13747
10574
8458
5578
174
-4233
-6673
-9179
-11112
-11608
-10072
-7900
-6791
-5264
-1448
3576
6776
9114
11758
12991
12440
10305
7750
5043
150
-5114
-7931
-9904
-11816
-12015
-10288
-8156
-6634
-4422
-277
4017
7696
10652
13479
15061
12946
10366
8790
6287
1722
-3260
-6047
-8674
-11920
-13606
-13232
-11254
-8549
-5456
-1164
4226
7942
9529
11868
13341
11768
9366
7127
4496
677
-4341
-8258
-10492
-12452
-12878
-10735
-8475
-7250
-5291
-1330
2640
5263
8189
11224
12403
10772
8135
5883
2925
-1442
-5196
-7236
-9153
-11787
-14093
-13203
-10372
-8166
-5070
-165
4571
6948
8695
11613
13349
13039
10285
7091
4389
-763
-5224
-7842
-10382
-12821
-14339
-13135
-11466
-10081
-7186
-2285
3094
6035
8521
11788
13034
11628
9257
7466
4667
401
-3288
-6158
-8713
-12025
-13544
-12116
-10428
-8235
-4823
395
5569
8556
11302
14017
14745
12802
9929
7729
4919
655
-3895
-6482
-8989
-12248
-13958
-13475
-10595
-7845
-4676
754
5535
8133
10270
12530
13393
11458
8359
5907
3012
-1102
-5088
-7769
-10094
-12608
-14012
-12620
-10112
-8164
-4946
389
5507
8506
10760
13063
13938
12397
9275
6492
3172
-1750
-5575
-7591
-9477
-11039
-12303
-12044
-10047
-8860
-6227
-1124
3460
5794
7288
9866
11782
11055
9053
7699
5766
1700
-3387
-6533
-8930
-11826
-13412
-12980
-10996
-8450
-4551
157
4438
7435
9719
13101
14505
11919
8456
5491
2214
-1676
-5695
-7735
-8726
-10840
-12105
-11819
-10422
-8175
-5082
-535
4268
7474
9092
10658
11534
10481
8841
7165
4831
1081
-4230
-8195
-10757
-12948
-13313
-11779
-9403
-7276
-4103
1161
6320
8649
10523
12761
13431
12068
9234
7379
5385
673
-4315
-7496
-10217
-12889
-14998
-13452
-10580
-8044
-3916
810
5527
7184
7723
9850
11690
11608
10222
8874
5824
650
-4286
-7125
-9371
-11900
-13692
-12916
-9312
-6956
-4579
-47
4422
7521
10029
12372
12728
11004
8598
7103
5250
1171
-3480
-6960
-9769
-12222
-13030
-11702
-9152
-6899
-4024
1925
7530
9821
11353
12984
13667
12127
9005
7435
5711
1423
-2720
-5842
-8539
-11159
-12694
-12000
-9708
-7851
-5380
291
5290
7731
9607
11249
12366
11652
10362
9575
6850
1782
-3706
-7548
-10148
-12442
-13360
-11402
-9217
-8594
-6920
-3735
176
3543
7551
11215
12618
12029
9803
8689
6821
1772
-3469
-7369
-11660
-15711
-16724
-14431
-10269
-6869
-3272
1463
5654
8575
9893
11663
12641
11586
9748
7496
4988
310
-4804
-7941
-10478
-11970
-12072
-10214
-7610
-6555
-4988
-1002
4184
7655
9907
11379
11193
9898
7479
6193
4741
1301
-2320
-5581
-8023
-10994
-13905
-13103
-10054
-8099
-4943
917
5781
7965
9749
11570
12844
12451
9937
8530
6637
1446
-3398
-6297
-9192
-12249
-13258
-11040
-8453
-6154
-3032
1124
5834
8283
10817
14004
14480
13135
10277
7671
5501
1093
-3617
-6286
-8564
-10929
-11810
-11155
-9123
-6688
-3898
609
5276
8045
9505
10427
10851
9530
7385
7111
5997
2122
-2181
-5846
-8926
-11221
-12482
-11883
-9586
-7630
-5149
-663
4218
8162
11843
15646
17305
14996
11114
8149
4303
-1035
-5322
-7987
-10476
-13104
-14851
-14127
-11017
-8013
-4454
1408
6390
9164
10963
12457
13700
12766
10359
8586
5851
406
-4797
-8051
-10567
-12692
-14173
-12780
-9928
-8065
-4930
-514
4175
7469
9826
13153
14764
12898
9618
7330
5201
1334
-2822
-5713
-8483
-10599
-11453
-10552
-8075
-6734
-5071
-676
3915
7536
9726
11901
13938
11893
8880
6739
3754
-195
-4071
-6693
-9051
-11725
-12928
-11374
-9121
-7171
-4948
-1275
3462
6530
8445
11608
13110
11555
9735
7272
3364
-790
-4385
-7396
-9435
-11528
-13036
-11754
-9251
-7338
-4827
-80
5087
8425
10152
11273
11818
9867
7517
6170
3842
-41
-3907
-5716
-7200
-9683
-11406
-11356
-10685
-9271
-6291
-1806
2672
5699
8354
10518
12121
11249
8689
8129
6208
1125
-4350
-7630
-10054
-11782
-11817
-10294
-7155
-5451
-4216
-424
4533
7647
10184
12428
12871
11118
8213
6165
3361
-1582
-6168
-8522
-10589
-13022
-14437
-13353
-10874
-8441
-4898
769
6159
9089
10938
12973
13967
12113
9454
7175
4477
-520
-5335
-7020
-8447
-10391
-11478
-10681
-9221
-7823
-5525
-1195
3753
6874
9632
12612
14289
12806
9717
7855
4688
-226
-4361
-6829
-9099
-12410
-14431
-13542
-11397
-9550
-6554
-955
5600
9067
10566
12618
13219
11992
9320
6358
3084
-2044
-6670
-8968
-10207
-11758
-12529
-10759
-8538
-7408
-5507
-1526
2873
6491
9270
12456
13781
10860
8451
6434
3476
-233
-5697
-9643
-11749
-13711
-14425
-12997
-10068
-7568
-4951
-673
3395
5869
7130
8686
10127
8825
6335
4634
2944
-745
-4865
-7320
-9505
-12112
-13740
-13323
-11137
-8370
-5017
1037
5957
8956
11550
13333
14409
12450
9708
7451
4811
541
-4648
-7247
-9235
-11347
-11977
-11882
-9762
-6995
-3998
1400
5759
7885
9093
10914
13394
13149
11188
10043
7669
2345
-3392
-7500
-10183
-12595
-13626
-10915
-7445
-5516
-2368
1940
5981
8473
9211
11105
12585
11418
9564
8154
4985
-897
-5774
-7964
-9533
-11474
-13134
-12621
-10444
-8508
-5679
-1048
3394
5999
8751
12295
13427
11699
9347
7479
5453
928
-4108
-7284
-9405
-11583
-13654
-12711
-10105
-8227
-6144
-2311
2492
4803
6705
9674
10336
9559
7955
5452
2967
-1295
-6314
-8699
-10128
-12775
-13388
-11060
-8112
-6104
-4305
-314
4481
7842
9792
11695
12302
11115
9780
7873
4894
165
-4715
-7626
-8847
-11065
-12470
-10379
-7902
-6331
-3916
850
5234
7637
9770
12053
13267
12208
9785
6381
1937
-3134
-7342
-9223
-10947
-13221
-14349
-13467
-10474
-8322
-5308
847
5934
8910
10771
12339
12897
10855
8092
6696
4511
-100
-4619
-7651
-10236
-13790
-15326
-12875
-8947
-5676
-3170
94
3971
6978
8970
12256
13770
12058
10508
8397
5374
1090
-2582
-4009
-5714
-9021
-11684
-11020
-7652
-4829
-2207
2096
5296
7074
9373
12365
13932
12317
9491
8061
5927
1186
-3046
-5936
-9511
-13429
-15147
-14480
-12279
-9900
-6730
-1231
4747
8211
9255
10743
11920
10879
9201
8074
5333
-61
-5795
-9541
-11667
-13051
-13523
-11713
-9108
-7593
-4413
860
5846
8997
11097
13158
14437
13874
11524
9190
5830
-22
-5538
-8652
-10531
-12211
-12070
-9820
-7417
-4816
-2171
1630
6156
8152
9465
11567
13117
12054
8959
7297
4944
69
-4234
-7061
-9380
-12153
-14155
-13349
-10941
-8170
-5165
-1006
3161
6392
9548
12216
13392
11669
8747
7312
5225
441
-4314
-6794
-8574
-10673
-11576
-10422
-7951
-6274
-4243
364
5394
8416
10574
13682
15319
14055
11547
8886
5713
304
-5810
-8549
-9781
-12208
-13339
-12242
-10256
-7934
-4660
-152
4393
6772
8793
12427
14181
13682
11898
8917
5363
-205
-5173
-7669
-9876
-12329
-14140
-13007
-10107
-7599
-4394
280
5392
8538
10753
13395
14081
11961
9182
7711
5537
584
-4341
-7350
-10271
-13752
-15896
-14410
-10733
-8497
-5538
-516
4128
7912
10100
12105
12799
10986
9071
6667
3112
-1376
-5215
-7131
-9593
-13134
-14548
-13295
-10617
-7332
-3904
636
5609
8455
10141
12188
13303
12787
12011
10788
7195
1728
-2949
-5840
-7696
-10002
-12553
-12127
-10496
-9366
-6614
-1259
4842
8412
10393
12412
12820
10316
7809
6575
4174
-67
-4848
-8337
-11148
-14615
-16781
-15827
-12565
-9467
-6809
-2293
2166
4572
6976
10540
12701
11168
8339
7013
5410
1050
-3904
-6869
-9495
-13393
-15633
-14224
-10895
-7986
-4605
1133
5878
8646
11031
12772
13966
13030
10648
8268
4465
-1081
-5540
-7032
-8604
-11576
-13473
-13136
-10669
-8079
-5946
-1571
2962
5397
8733
12415
13842
12580
9446
7445
5323
-17
-5303
-8360
-10996
-13317
-13957
-12573
-9974
-7950
-5957
-1588
3464
6809
9460
12323
13690
12728
10609
9133
7407
2214
-3772
-7034
-10471
-15410
-17375
-15403
-11738
-7693
-4151
-133
3348
5646
7986
10812
12972
11754
8386
6286
4424
1645
-1641
-4926
-8057
-12160
-14568
-12967
-10160
-8274
-4766
828
5812
9614
11713
13349
13883
11247
8147
6428
3942
459
-3106
-6327
-9101
-12048
-14377
-14322
-11841
-9801
-6603
-516
5319
9240
11734
14596
16303
14723
11802
8828
5103
524
-3086
-6061
-9446
-12281
-14126
-13024
-9375
-6342
-2466
3312
7806
9987
11424
12104
11876
10215
7724
6492
4618
804
-3781
-6673
-8615
-10449
-10258
-8796
-6791
-5574
-3735
650
5507
8730
11300
13965
14603
13069
10254
7898
5401
89
-4690
-7027
-9546
-12692
-14561
-13349
-9706
-6386
-2872
2169
6906
9875
11969
14005
14587
13452
11148
8670
5527
594
-4035
-6713
-9008
-11948
-14087
-13474
-10725
-8465
-5890
-1646
2888
6145
8157
10284
10994
9432
8327
7716
5339
582
-4702
-8086
-10239
-12370
-12657
-10820
-8490
-6362
-4160
-322
4338
6916
9385
13199
14419
12324
9443
7038
4717
485
-4321
-7756
-10553
-13243
-14896
-13012
-10230
-7720
-3961
161
4801
7980
10038
12005
12385
10512
7455
5007
2727
-913
-4906
-6847
-8686
-11715
-12778
-10768
-8289
-6416
-3868
303
5160
8312
10342
12525
13773
12610
10091
8398
5122
-782
-5747
-8505
-10282
-11806
-12802
-11985
-9824
-7871
-4262
1119
5991
9316
11113
12443
13651
13132
11295
9829
6151
410
-5077
-8822
-10644
-13143
-14599
-12893
-10252
-8471
-6392
-2157
2336
4795
6595
9856
12319
11679
10548
8847
5456
793
-3775
-6605
-9054
-12001
-13819
-12468
-9664
-7185
-4007
471
5375
7757
8687
11398
12606
10623
9141
8076
5308
924
-3742
-6855
-9243
-12093
-13777
-13445
-11505
-8985
-5120
780
6661
9923
11271
13690
14667
12806
10611
8249
4905
650
-3692
-7167
-9730
-12002
-12704
-11547
-9259
-7106
-5443
-833
4484
7250
9992
12218
12559
11328
8791
6367
3589
-546
-4500
-6849
-8188
-9332
-9883
-8720
-6028
-4494
-2732
920
4602
7367
9121
10969
11772
10348
7945
5712
3331
-151
-3436
-5891
-8318
-11248
-13001
-12244
-10188
-7362
-4005
453
4562
6715
8605
11824
13796
12641
10257
7709
5067
937
-4315
-8096
-10148
-12876
-14374
-12667
-10375
-8148
-4822
44
4827
7605
9274
11253
12247
10957
8500
6785
4319
-643
-5845
-8870
-10247
-12811
-15269
-14062
-11321
-8224
-3767
870
4824
7589
10378
12899
14053
13416
10906
8560
5766
892
-4258
-6864
-8958
-11230
-11908
-11112
-9327
-7490
-3750
2094
6555
8022
9242
11202
12106
11244
8653
6142
3487
-646
-4603
-7272
-9698
-12420
-13510
-11719
-9389
-8354
-6559
-2489
2361
5937
9176
12968
14764
13077
9548
6046
1835
-2625
-6093
-8570
-10458
-12266
-12750
-11692
-10118
-8115
-5667
-1657
2679
6539
9588
11308
12406
11162
8843
7105
4542
-161
-5351
-8345
-10175
-11906
-12740
-11224
-7973
-5866
-3560
842
5031
8485
11021
13097
14477
12366
9661
8058
5266
982
-3930
-6904
-8004
-10021
-11235
-9586
-7848
-6750
-4282
194
5558
8762
10277
12705
13436
11497
9589
8081
5510
173
-5897
-8930
-10504
-12134
-11981
-10573
-9065
-7241
-4844
-469
3702
5717
7979
11101
13607
12754
9295
6019
2030
-2784
-6188
-7123
-7374
-10152
-12807
-12618
-11368
-9143
-5076
189
4800
8387
10679
13350
14627
12413
10055
7967
5672
2488
-2243
-5949
-8373
-11366
-12717
-11356
-9278
-7223
-4238
304
4331
6450
8371
11190
12920
11496
8759
6390
3300
-1977
-7329
-9243
-10450
-12569
-13741
-12949
-10811
-9146
-6289
-591
5096
8628
10452
11645
12368
11214
8682
6976
4444
21
-3403
-5891
-7676
-10017
-12120
-11677
-10695
-9691
-6933
-1581
3754
7566
10241
11904
12974
12487
10388
8381
5429
191
-4235
-6548
-8614
-11206
-13047
-12184
-9351
-6366
-2409
3176
8631
11138
11725
13099
13625
12652
9819
6927
4613
217
-3612
-5481
-8005
-11246
-13149
-12250
-9150
-6602
-3983
887
4980
6540
8234
9586
10610
10170
6876
4924
2916
-1730
-5769
-8402
-11217
-13477
-14243
-12667
-9358
-7690
-5458
-327
4287
6916
9286
12164
13808
13250
11299
9230
6141
717
-4711
-7927
-10097
-13114
-14282
-12963
-11032
-8561
-5957
-1524
2919
5631
7817
10423
12396
11058
8274
6355
3676
-1157
-5640
-8022
-10201
-12358
-13061
-12095
-9253
-6305
-3681
1012
5624
7841
9626
11951
13427
12394
9857
7374
4400
-33
-5100
-8506
-11412
-13613
-13675
-12410
-10419
-8905
-6234
-1195
3832
7089
9631
13067
15962
14873
11358
8615
4456
-1171
-5882
-9246
-11576
-14278
-15826
-13681
-10743
-8314
-5138
-1062
3839
7250
9471
12403
13920
12908
11451
10092
6806
1054
-4270
-6894
-7746
-9574
-11427
-10520
-8834
-7522
-5245
-1570
3510
7677
10518
13051
13286
10692
7380
5827
4382
542
-4440
-8268
-11259
-14147
-14340
-11445
-7649
-5034
-2957
1075
5290
8081
9849
11331
12375
11184
9386
8002
5378
598
-5103
-9400
-12697
-15348
-15879
-12796
-8245
-5804
-3475
272
4146
7065
9539
12839
14054
11877
9418
7179
3783
-550
-4544
-7222
-8815
-11096
-12362
-9681
-6871
-5743
-4163
-540
4456
7265
9186
11323
11127
8955
6683
5014
2633
-1195
-4879
-7032
-9438
-13169
-15167
-13753
-11735
-10454
-6922
-1486
3521
6967
9473
12444
13176
11453
9297
6902
3858
-551
-5487
-8363
-9379
-12314
-13952
-11402
-8256
-5492
-2254
1894
5678
6990
8292
11233
12307
11188
8946
6126
3322
-351
-3531
-4942
-6692
-9846
-11383
-10648
-8868
-7065
-4778
160
4817
7446
9716
12310
13779
12699
10683
9635
7584
2667
-2786
-7277
-10394
-12994
-14289
-12738
-9944
-7663
-5101
-819
3644
7039
10005
12783
15189
14440
9927
6938
3985
-295
-3660
-7066
-9208
-11166
-11981
-9734
-7697
-6236
-3716
58
4041
6458
8044
10807
12848
11472
9481
7897
4681
-21
-5595
-9292
-10391
-12533
-14108
-12244
-10193
-8500
-5328
-1050
3193
6717
9530
12567
14845
13409
10161
7354
4539
255
-5143
-8583
-10600
-13047
-14865
-13893
-11036
-8839
-5382
-76
4222
6996
9776
13017
14484
13134
10374
7437
3537
-1708
-5492
-7505
-9787
-12244
-13528
-11803
-8592
-5901
-2467
1958
6339
8698
9679
11688
12509
11018
8955
6898
4230
-88
-4768
-8286
-11038
-13876
-14787
-12291
-9603
-7677
-4907
-525
4335
8436
10985
13102
14782
13222
10785
8963
6414
1695
-3058
-5747
-9024
-12807
-14841
-13342
-10167
-7184
-3851
220
4713
7708
9962
12519
15047
14794
11593
8790
4565
-1569
-7379
-10580
-12008
-13810
-14412
-13239
-10761
-8108
-4762
744
5385
7839
9548
11468
12952
12003
10134
7960
4805
595
-3705
-5764
-7645
-10876
-12333
-10585
-7562
-5712
-3341
1005
4524
6868
8993
11893
13810
13293
11323
8691
6078
1318
-3856
-6706
-8664
-10699
-12363
-11242
-7669
-4932
-2048
1964
5240
7569
9625
11490
12871
11895
9238
7329
4830
-20
-5261
-8250
-10350
-13247
-14705
-12954
-10121
-8467
-5531
292
5124
7674
10147
12922
13446
11562
8877
6528
3920
-67
-3646
-6820
-9719
-12737
-14336
-12370
-9207
-6924
-4349
404
5626
8597
10580
12870
13736
12477
9664
7377
5537
1080
-4300
-7500
-9817
-12505
-13654
-12275
-9304
-6410
-3521
1285
5674
7624
9188
11064
12014
11178
9640
8308
5688
721
-4969
-8841
-10832
-13120
-14291
-12715
-10222
-7805
-4405
562
5588
9160
10852
12157
13636
12920
10117
7303
3756
-850
-5533
-9033
-11843
-14127
-14711
-12241
-8816
-6564
-2501
2281
6694
9295
10409
12655
13757
12844
11060
8930
6233
1745
-3883
-7375
-9046
-11941
-13197
-11137
-9465
-7378
-3932
65
3990
6823
8734
10848
13339
13220
10973
9327
6362
1343
-3088
-5928
-7217
-9169
-10425
-8653
-6559
-4745
-3147
331
5056
7267
9500
12479
13462
12206
10095
8503
5730
576
-4454
-7700
-10350
-13169
-13957
-11475
-7976
-5710
-3165
999
4704
6800
8576
11023
11985
10370
7884
5274
2622
-1579
-5527
-7201
-9197
-11147
-11532
-10109
-7688
-5915
-3815
178
4957
8054
9366
11682
13707
12991
11255
9171
6159
1710
-3536
-7077
-9052
-12343
-14344
-12668
-10724
-7916
-3511
1589
6460
8692
10085
12316
13809
12632
9565
6868
3930
-639
-5786
-8856
-11177
-13380
-13702
-12169
-9620
-7642
-5067
-555
3966
6353
7667
10460
12693
11976
9755
7280
4603
796
-3710
-6682
-8267
-10957
-13163
-11780
-8644
-6008
-3167
1355
6194
9170
11666
14723
15671
13370
10405
7831
3864
-2110
-7065
-9181
-10833
-13000
-13570
-10877
-7780
-6901
-4973
-1480
2401
6495
8911
10930
12281
10359
6842
4814
2525
-1282
-4750
-7408
-8975
-11040
-12249
-9955
-7409
-5770
-2531
2782
8531
10859
11492
13351
13334
11402
8832
6539
3338
-2283
-6567
-8695
-10423
-12155
-13101
-11685
-9454
-8274
-5946
-917
4412
8194
10324
12691
14073
12131
9126
5917
1971
-3148
-8024
-10066
-10953
-12848
-13949
-11894
-8636
-6491
-3136
1292
4477
6784
8300
10110
11337
9367
7059
5340
2474
-1410
-5710
-8805
-11509
-13757
-13954
-11776
-8559
-6629
-4758
-511
3581
5663
8208
11316
13475
13401
11784
9182
4804
-442
-5123
-7974
-9326
-11691
-13837
-12068
-9323
-7334
-3479
1509
5029
6875
9130
11529
13322
13280
10643
8547
6241
2252
-2458
-6823
-9573
-12495
-14137
-12205
-9780
-8048
-5905
-2018
3096
6503
9541
12477
13289
12003
10080
8539
6226
2223
-2769
-5998
-8105
-10992
-12345
-10839
-8260
-6142
-3768
179
4502
6535
7736
9622
11248
11713
10333
8599
5231
-317
-5528
-8687
-10043
-11403
-11227
-9720
-7699
-5656
-4595
-990
3466
5605
7907
11447
13435
11390
8619
6856
4231
-552
-5246
-7956
-10174
-11496
-12129
-10662
-7758
-5923
-4013
-28
4554
7096
10030
13258
15083
14608
11584
8119
3705
-2270
-7936
-11085
-13005
-15405
-15198
-12544
-9799
-6484
-3324
800
5396
7916
10100
12324
12966
11331
8747
6409
3374
-1067
-5260
-7104
-8603
-10721
-12427
-11489
-8806
-7216
-4782
-650
3385
6500
8995
10670
11140
9762
7441
5803
4022
276
-3924
-6294
-8492
-11289
-12739
-11748
-9328
-6731
-3212
1252
5354
7587
9193
12536
15059
14350
11513
8432
4187
-1265
-5203
-6924
-7928
-10873
-13531
-12445
-10155
-7625
-4455
-605
3303
5928
9236
13158
15207
13422
9420
6299
2853
-589
-3645
-6893
-9274
-11188
-11720
-9705
-7111
-5482
-3074
1687
6163
8657
10791
13141
14679
13140
10151
7803
5004
790
-3973
-7119
-9305
-11663
-13361
-11751
-8439
-6425
-3562
909
4721
7057
9649
12547
14056
12665
8730
5982
3722
65
-3811
-6254
-8056
-11418
-13139
-11998
-9779
-7456
-4563
19
4520
7403
10177
13548
15428
14531
11645
9116
5742
325
-4844
-7959
-9219
-11412
-13011
-12127
-10415
-9244
-6573
-1040
4159
7241
8987
11307
12566
11425
9555
7519
4667
17
-4637
-7098
-8356
-10507
-12088
-10872
-8152
-6378
-4511
7
4573
7549
10519
12809
13425
12273
9618
7685
4450
-1218
-5939
-8950
-11068
-13732
-14718
-12580
-9865
-7086
-3846
555
4980
6613
8266
10814
12693
12755
10433
8624
4876
-1079
-5907
-8754
-10127
-12233
-13220
-12221
-10765
-8676
-5525
-541
4944
7726
8717
10908
12083
10909
9905
9181
7178
2152
-3401
-5716
-7208
-10300
-12783
-12024
-10661
-9342
-5790
-491
5400
9072
10740
12631
13901
13861
11957
9220
5743
-964
-6973
-9200
-10318
-11670
-12837
-12059
-9150
-6461
-3249
1751
5805
8515
10693
12945
14479
12556
9393
6854
2825
-2894
-7555
-9726
-10505
-11162
-12089
-11509
-9477
-7638
-4746
64
5442
9331
11304
13715
15104
13939
11487
9283
6685
1389
-3374
-5371
-7012
-10139
-11790
-11131
-9748
-8148
-6243
-2139
2179
4746
7252
10518
11953
10668
8515
6546
3738
-784
-5250
-7473
-8583
-10496
-10406
-8249
-6226
-5019
-3644
-276
3445
5607
7225
9818
11869
11813
10252
8358
5868
1362
-2708
-5306
-8239
-11485
-13667
-12320
-9512
-7671
-5196
-1404
2602
6032
9221
12230
13102
10864
7372
4185
1909
-1242
-5703
-8662
-10806
-13272
-14307
-13470
-11364
-9593
-7149
-1052
4772
7877
10766
13581
14979
13097
9264
6278
3337
-981
-5341
-8517
-10274
-11967
-13765
-12686
-10008
-7904
-4597
412
4717
7118
9656
12480
14295
13593
10557
7940
4707
-402
-4967
-7505
-10107
-12867
-13671
-12810
-10903
-9124
-6967
-2794
1622
4778
7559
10728
12648
11875
9397
7276
5126
927
-3158
-5978
-8745
-12052
-14203
-12871
-10444
-8170
-4554
161
4993
8405
10170
12866
14829
13537
10985
8051
4466
78
-4419
-7089
-9216
-12117
-13244
-12343
-10255
-8573
-6243
-1105
3607
6686
8933
11794
14343
13387
10840
8444
5011
842
-3343
-7438
-10856
-13837
-14775
-12596
-10011
-7600
-3977
936
5933
9203
10989
13536
15239
13357
10327
8145
5566
1914
-2445
-5650
-8074
-11154
-12196
-10814
-8753
-6581
-3904
948
5933
8223
10359
12745
12673
11130
8710
6292
3615
-882
-5493
-7607
-9055
-12111
-13089
-11162
-8425
-6445
-4506
7
4872
7782
9595
11837
14052
13503
10935
8277
4791
-580
-5775
-8308
-10383
-12875
-14529
-13786
-11493
-9729
-6416
-1306
3653
6944
9473
12367
14044
12833
10486
9032
6094
1200
-3948
-7542
-9818
-12468
-13668
-11411
-8249
-6134
-3737
-299
3543
6045
7766
10519
12641
12109
10397
8858
5436
-957
-6390
-9420
-11582
-13412
-14616
-13062
-9714
-7137
-4399
487
6101
9644
12294
15411
16574
14803
11889
8765
4577
-1249
-5688
-7302
-8344
-9741
-11274
-11140
-9431
-8850
-6691
-1436
3641
7653
10323
12903
14183
12887
11570
9900
6297
1052
-4167
-7408
-9447
-11425
-11398
-9792
-7963
-6355
-3996
-235
3758
6866
8470
10904
12959
12856
11559
8984
5438
-106
-4986
-7323
-9639
-11855
-13727
-12876
-9781
-8262
-5547
-129
4336
6993
9037
11487
12748
10875
7678
5411
3236
-1278
-5607
-7778
-9745
-12320
-13952
-12627
-10309
-8755
-6205
-2106
2875
6298
7615
10017
12003
11561
9735
7329
5144
28
-5853
-8278
-10410
-12234
-13109
-11700
-7825
-5454
-3489
272
4007
6412
8742
11935
13860
12942
10506
8080
4672
-913
-5759
-7566
-8883
-10406
-11189
-10495
-7821
-5997
-3473
1492
5560
8096
10742
13352
14214
12769
10211
8692
6459
1436
-3103
-6332
-9252
-11831
-13911
-13098
-10003
-7614
-4185
1463
6146
8882
10190
11619
12712
11584
10191
8212
5201
339
-5070
-7448
-8653
-10715
-12352
-11196
-8994
-7663
-5184
-1161
3826
7778
10417
14098
16469
14919
12031
9394
5971
1036
-3937
-6457
-7813
-9581
-11452
-11385
-9446
-8199
-5840
-875
4300
7395
9859
12958
14781
14003
11275
9083
6843
1257
-4795
-7746
-10708
-14269
-15833
-15119
-13003
-10666
-7396
-2155
3316
7899
11652
14576
16267
14697
11154
8396
5458
939
-3239
-5030
-6439
-8845
-10919
-10807
-9035
-7341
-5021
-851
4002
7507
10614
13611
14894
13462
10362
7837
4573
-404
-4715
-8090
-10645
-12775
-14526
-13327
-10208
-7677
-4711
409
5052
6770
8310
10729
12170
11870
10631
9112
6042
1614
-2885
-6436
-8706
-11488
-13009
-11656
-9704
-7457
-4493
44
4904
7320
9230
12250
13761
12581
10082
7152
3747
-904
-5089
-7138
-9190
-12299
-13998
-12919
-10523
-8199
-5450
-1231
2969
5399
7652
10348
11451
9952
7865
7084
4704
644
-3166
-6624
-9041
-12043
-13958
-12185
-9575
-8013
-5378
-801
3917
7308
9273
11365
12336
10807
8803
6626
3446
-514
-4394
-7176
-9725
-12592
-13681
-12066
-9220
-6766
-2781
2587
5819
7809
10520
13469
14917
13185
9612
6958
4431
481
-3589
-6172
-8003
-10477
-12357
-11801
-9947
-8499
-5531
-1012
2588
5636
8002
10367
11984
10518
8407
7479
5436
1043
-3172
-5339
-8144
-11954
-14379
-14046
-10781
-8461
-6307
-1807
2489
6096
9547
13021
15093
14299
11713
8545
4489
-1065
-5990
-8389
-10154
-12658
-14334
-14118
-12450
-10400
-7692
-3253
1793
5735
8899
12314
14097
12030
8950
7296
4712
-267
-5449
-8638
-10654
-13071
-14069
-12585
-10636
-8392
-4763
235
5328
8127
10198
12923
14011
12920
10243
8210
5918
870
-4661
-8340
-10738
-12837
-14463
-12971
-9646
-7812
-5280
-399
4889
7926
9808
12125
13112
11745
8936
6487
3372
-1493
-4895
-7132
-9662
-12067
-13942
-13204
-10711
-8841
-6110
-496
4710
6697
8416
11082
12685
12052
10112
8377
5677
816
-3798
-6108
-7753
-10110
-11564
-10480
-8197
-6972
-5224
-851
3469
6504
9252
11442
12986
11966
9044
6958
4279
244
-4408
-8200
-10413
-12499
-13629
-12675
-10131
-7955
-5368
-311
3868
7047
10350
12434
13127
11000
8457
6773
3907
-49
-4846
-7229
-8590
-11775
-13288
-11577
-8108
-5194
-2326
1410
4624
6142
8371
11375
12824
11997
9264
8031
5499
772
-2762
-5837
-8271
-10565
-12246
-11446
-9740
-8184
-4910
237
5500
9053
11336
13471
14600
13277
10996
9188
5628
1078
-3490
-7811
-11352
-14870
-15965
-13923
-11170
-9072
-6967
-2810
2610
6711
9360
11593
12328
10815
8224
5999
3808
149
-3788
-5951
-7824
-11059
-12922
-11557
-9298
-7564
-4587
295
4822
7939
9580
11228
12356
10286
8039
6884
4800
1245
-3676
-7014
-9443
-12613
-13851
-12536
-9074
-5629
-2605
1881
6378
9121
11074
13088
13330
10987
8421
6801
4928
1542
-2645
-5606
-8169
-11512
-13885
-12824
-9725
-7085
-3786
694
4787
7349
9274
11930
13529
12092
9276
7248
4007
-726
-5439
-9027
-10374
-12387
-13826
-11865
-9469
-7630
-4330
839
6490
9344
10524
12660
13200
11145
8016
5719
4311
604
-3705
-5814
-7939
-10646
-12682
-12123
-10029
-8470
-6591
-2791
1849
4796
8165
11261
12738
12302
9232
6497
3534
-1401
-5884
-8083
-10271
-12468
-12564
-10684
-8170
-5959
-2888
1838
6502
9857
12455
14138
15088
13998
11719
9884
6410
1146
-4604
-8777
-11159
-13856
-15727
-14011
-10517
-7400
-3485
1007
5045
7055
7985
10356
12359
12015
10343
8618
5292
-115
-5036
-7906
-9368
-11495
-13537
-12480
-9785
-7889
-4755
356
5257
7845
10141
12579
13108
12220
9231
6283
3368
-1650
-6424
-9563
-11688
-13580
-14456
-13002
-10325
-7990
-4957
-673
3095
5568
7196
9306
11111
11010
10180
9560
7244
2303
-2739
-6726
-9287
-11770
-13455
-11980
-9933
-7544
-3932
316
4838
7333
8540
11326
13450
12686
10933
8171
3930
-1321
-6589
-9219
-10239
-12553
-13694
-10989
-7600
-5182
-2179
1698
5374
7864
8998
10107
11674
10941
9354
8477
5813
1170
-3950
-7772
-10177
-12354
-13195
-11081
-8641
-7103
-3770
844
5565
9302
11601
13670
14629
13647
11608
9405
5923
1236
-2926
-5556
-7862
-11625
-13398
-11476
-8262
-5745
-3825
-148
3812
5924
8084
10767
12007
11020
8613
6696
3465
-1797
-6056
-8564
-9745
-11993
-13583
-12397
-10922
-9407
-6958
-1901
3394
6507
9970
12988
13675
12112
9656
7629
4066
-1007
-4969
-7229
-9315
-11444
-11931
-10641
-7923
-5828
-3585
648
4536
6465
8081
10696
11602
10095
8879
7953
5029
-53
-4895
-7411
-8729
-10195
-11603
-11489
-9244
-7048
-4244
-116
4113
7366
10126
13757
14994
12735
10199
8056
4945
547
-4043
-7031
-9578
-12818
-13982
-11920
-8687
-6469
-3702
434
4820
7926
9628
11658
12511
10733
8348
6249
3081
-1029
-4789
-7339
-9006
-10952
-12040
-11256
-9136
-6675
-4221
370
5253
7423
9068
11589
12685
11159
8132
5715
3600
-384
-5246
-8768
-11803
-14761
-15424
-13816
-11193
-7422
-3006
1737
6460
9028
10235
12038
13649
12643
10032
8100
4649
-756
-6132
-9587
-11342
-13978
-15175
-12815
-10257
-7973
-4625
-588
3606
6818
8688
10463
11573
10533
8601
6170
2370
-1509
-4443
-6340
-7532
-9736
-11391
-10064
-8029
-7253
-5077
-369
4315
7603
9522
12310
14307
13064
10215
7278
4510
-177
-4604
-6729
-8863
-11371
-13001
-12022
-9183
-6625
-2890
2249
6428
8707
10004
11939
13629
12962
10524
8408
5584
966
-3601
-6275
-8242
-11160
-12255
-10794
-8323
-5953
-3974
-400
3157
5502
7837
10568
13467
13597
11504
9557
5111
-1223
-6173
-9432
-11362
-13448
-14905
-13211
-10676
-9056
-6427
-1522
3678
6814
9651
12893
14352
12414
8829
7016
5400
1740
-2311
-5313
-8210
-11234
-12101
-11390
-10060
-8058
-5721
-1484
4163
8047
10326
12739
14057
12824
10792
8684
5447
632
-5149
-8390
-10258
-12854
-14118
-12844
-10295
-8647
-5881
-899
3915
7010
9201
11417
12731
12087
9614
7344
4585
-332
-5084
-8264
-10403
-12506
-12942
-11104
-8947
-6556
-4298
-43
4856
7860
10185
12286
13965
12246
8382
5753
2400
-1727
-5458
-8289
-9863
-12262
-13497
-11620
-9139
-7109
-4467
-34
4337
6978
8895
11479
12324
10416
8522
6191
3435
-81
-4995
-7959
-9565
-12060
-12664
-11388
-9348
-7890
-6567
-2820
1810
5808
9200
12680
14596
13739
11490
9141
5676
-302
-5461
-8110
-9708
-11217
-12321
-10735
-7642
-5461
-2973
1168
4778
5984
7638
10847
13109
12025
8885
6988
4636
18
-3433
-5769
-7889
-10004
-12244
-11825
-10225
-8829
-5783
-262
5327
8519
11025
13781
15180
14454
11362
7801
3941
-2151
-7441
-10350
-12107
-13500
-14171
-12288
-9295
-7062
-4037
799
4855
6895
9021
12071
13540
12108
8914
5725
3035
-1001
-5019
-8171
-11085
-13821
-15357
-13613
-10553
-8299
-4577
644
5408
8601
9687
11749
13746
12945
10446
8231
5617
1280
-2813
-6039
-8139
-10691
-13303
-11720
-9377
-7711
-4701
-1380
2834
5761
7979
10706
11586
10307
8240
6398
3816
-436
-4878
-7851
-10298
-13380
-15450
-14793
-12821
-10479
-6335
-1375
2693
5623
8443
12187
14172
12734
10350
8890
6477
1321
-4321
-7270
-9433
-12380
-13492
-12318
-10556
-8966
-6119
-868
4393
7661
10458
13600
15579
14286
11227
8954
5808
484
-4690
-8249
-11029
-14015
-15112
-13116
-10092
-6454
-2333
2675
6944
8960
10377
12171
12689
10553
7469
4768
1537
-2752
-6432
-8366
-10098
-12345
-12907
-11298
-9591
-7642
-4121
812
5925
8808
10589
13503
14333
12378
10091
7698
5240
1390
-4075
-7766
-10537
-13752
-14624
-13404
-11455
-9523
-6296
-474
4572
7692
10063
12245
14118
13441
11097
8976
5215
-832
-6528
-9650
-11436
-12992
-13419
-11384
-8104
-6209
-3424
1175
4952
7145
8907
11420
13611
12986
10472
8171
4774
424
-3092
-5911
-8206
-10345
-11932
-11176
-8883
-6916
-4454
322
5373
8205
10272
12597
13517
11471
8001
6110
4024
-786
-5568
-8689
-10541
-11917
-13013
-12298
-10689
-9050
-5916
-771
4409
7804
10486
13101
14003
11677
8286
6469
3601
-1197
-5205
-8347
-10594
-13156
-15366
-13428
-8952
-5954
-3364
892
4298
5848
7429
9693
10739
9448
7422
5848
3961
287
-3956
-6970
-9101
-11583
-12664
-10178
-6853
-4591
-2861
543
5172
8389
10890
12528
13124
11985
9615
7771
5198
1002
-3316
-6414
-9090
-12426
-13739
-11791
-8210
-4896
-2823
49
3624
6246
8818
12094
14122
12458
8745
5789
2076
-2728
-6276
-8058
-9762
-12535
-14590
-13201
-10129
-7459
-4254
403
5296
7793
8791
10919
12480
10990
8784
7337
4946
401
-5012
-8808
-11285
-13816
-14869
-13347
-11095
-8073
-3396
1590
6738
9170
9642
12442
13745
11912
9079
6714
4374
378
-3900
-7433
-10073
-13278
-15012
-13296
-11285
-8847
-5458
-1026
3224
5307
7238
10187
12586
12504
10472
8236
4921
120
-5098
-8366
-9644
-12117
-13232
-10825
-8098
-6192
-4144
-696
4115
7359
8973
11545
12950
11046
7843
5084
2358
-1801
-6138
-8432
-9893
-11060
-11422
-10281
-8483
-7348
-4419
371
4690
7775
10179
12887
14841
14285
11622
8355
3745
-2510
-8152
-11108
-11823
-13292
-13810
-12038
-10107
-7645
-4275
292
4876
6643
8055
11065
12897
12998
11297
9042
5235
-615
-5621
-8840
-9972
-11551
-13723
-12744
-9846
-7587
-4295
940
5124
7832
9485
11168
13637
13280
10964
8515
5491
1169
-3701
-7238
-9823
-11258
-12059
-11476
-9016
-6818
-3510
923
4278
6164
7465
10192
11710
10758
9537
7937
5698
1333
-3927
-7031
-9294
-12349
-13642
-11524
-8492
-6751
-5271
-992
4994
8861
11622
14167
14396
12130
9009
7240
4514
-692
-5397
-8160
-9960
-12437
-13566
-12057
-10132
-8036
-5386
-1632
2828
5687
8548
12420
14401
12573
9641
7651
4566
313
-4296
-7487
-9553
-11836
-11908
-9205
-6717
-5695
-3386
601
4509
7768
9847
12399
14067
12035
9415
6999
4203
347
-4371
-6714
-8660
-11476
-12755
-11593
-9412
-8083
-5995
-824
4279
6975
9571
11525
12197
12025
10608
8918
6464
1190
-4666
-7683
-9722
-12386
-13964
-12728
-10133
-8737
-6556
-1949
2818
6169
8946
11676
13195
12597
10754
9427
7013
1728
-3573
-6870
-9876
-12863
-13626
-11373
-7880
-5362
-2543
2256
6042
8217
9861
11283
12434
10683
7450
4894
2043
-2371
-6469
-8057
-9566
-10950
-11102
-10027
-8031
-6355
-4636
-630
4285
7086
9605
11752
12253
11216
9322
7381
4583
157
-4410
-6968
-8257
-10652
-12332
-11426
-10196
-8939
-6522
-1773
3579
7292
10334
12142
12925
12534
10105
8445
5689
172
-4306
-7571
-9676
-11579
-12865
-11120
-8749
-7023
-4647
-443
4535
8022
10300
12225
12686
11175
8520
5949
3903
-129
-4973
-7381
-9308
-11890
-12723
-11274
-8690
-6326
-3158
2231
7233
10059
12174
14217
14397
12311
9429
7198
3997
-1152
-5034
-7414
-9998
-12690
-13480
-11298
-8433
-6297
-2925
1547
5719
8885
10794
12810
14057
12530
9566
7765
4926
-124
-4094
-6664
-10248
-14397
-17062
-15703
-12066
-8402
-3884
699
5564
8240
9800
12712
13798
12382
9943
8120
6173
1461
-3448
-6398
-9334
-12563
-14430
-13525
-11243
-9068
-6226
-1964
2360
5561
7630
10354
12407
10508
8202
7057
4424
-82
-4548
-7432
-9175
-11346
-12765
-11294
-8832
-7399
-5005
-601
3622
6767
9441
12398
13802
12755
10619
8030
4740
72
-5038
-8764
-10836
-13076
-14773
-13903
-10982
-8238
-5205
312
5840
9227
11352
12660
13677
12824
9771
7668
5495
1073
-3196
-6054
-9111
-12624
-14666
-13394
-10792
-8626
-5254
-975
3481
7482
9561
11035
12037
10448
8569
7509
4700
330
-4378
-7454
-9112
-11546
-13023
-11832
-9731
-8066
-5403
-824
4144
7941
11106
14406
15603
13914
11068
7710
4002
-807
-5467
-7920
-9857
-12131
-12963
-11305
-8877
-7642
-4976
174
5076
8420
10358
11599
12585
11614
8502
6322
3028
-2674
-7523
-10043
-11716
-13853
-14720
-13666
-10330
-7584
-5337
156
4771
6708
8819
11389
13336
13324
11229
9167
5800
326
-3432
-5583
-7167
-9300
-11472
-10836
-8567
-6144
-3255
548
4813
7321
8572
10704
12026
10771
7496
5425
4051
614
-2576
-4087
-5680
-8949
-10973
-10094
-8135
-6066
-3455
607
4731
7456
9980
13015
14707
13178
10401
8488
5623
1243
-3038
-6136
-8659
-10877
-11564
-9690
-6501
-4406
-2362
1722
5630
8100
10560
13322
14943
14163
11628
8857
5761
1597
-2193
-5169
-7447
-10070
-12415
-11752
-9544
-7771
-5322
-503
4305
6394
8753
12644
14765
13636
11144
8354
5193
1210
-3702
-7213
-9284
-11296
-12095
-10503
-7754
-5948
-3812
122
4107
6666
8551
11026
12505
11385
9474
7790
5391
1111
-4323
-8346
-10532
-12620
-13861
-12251
-9677
-7444
-4149
-164
3409
6687
9556
12323
13672
11149
7827
6566
4620
607
-3127
-5301
-8350
-12600
-14388
-13016
-10113
-7910
-4871
870
6556
9676
9923
9670
8947
7059
5045
4033
3017
-214
-4204
-6335
-8196
-11928
-14038
-13131
-11662
-9524
-6286
-1178
4638
8350
10864
12557
12882
11357
8248
6053
3670
-790
-5481
-8166
-10034
-12805
-13538
-11240
-8372
-5840
-3245
1398
5975
7675
9098
11618
12780
11042
9253
8465
5436
428
-4620
-8686
-10564
-12013
-13113
-12229
-9862
-7661
-4351
830
5586
8822
10388
12441
14202
13331
10269
6838
3254
-2159
-6388
-8252
-10538
-13132
-14060
-11841
-9350
-8144
-5809
-1593
3401
6903
9183
12113
14371
13238
10792
8575
5338
1363
-3071
-5698
-7451
-10143
-11750
-12028
-10772
-8889
-5799
-285
4460
7136
9115
11211
12269
11029
8377
6325
3762
-1295
-6225
-8689
-10172
-12222
-12727
-10716
-8644
-6730
-4229
-284
4641
6730
7610
10162
10828
9179
7837
6281
3949
-169
-4982
-7600
-9590
-11445
-12208
-11404
-9092
-7386
-5056
-125
4588
7313
8772
10203
10987
8802
5734
4007
1993
-1534
-4609
-7030
-9334
-11547
-12153
-9866
-7526
-5674
-3409
-85
3898
6105
7406
10006
11560
10839
8861
6497
3497
-1429
-5996
-8721
-11434
-14252
-16230
-15625
-12519
-9633
-5597
380
5627
8898
10915
12955
13434
11190
8619
7564
5932
1514
-3510
-7392
-10221
-12465
-13351
-11657
-8707
-5624
-2024
2512
5767
7280
9104
11855
14138
13322
10440
7384
3411
-1871
-6647
-8792
-10020
-12282
-13744
-12566
-10096
-7858
-4033
1678
5760
7288
8092
10123
12753
12217
10117
7790
4094
-679
-5972
-9089
-10738
-12894
-14026
-12216
-9475
-8155
-5423
-493
4096
7604
10000
12308
13326
10681
7166
4852
2322
-1112
-4564
-6554
-8830
-12311
-14536
-14111
-11107
-7902
-5341
-1068
3662
6474
9317
12768
14459
13084
10581
8555
5536
664
-4080
-7169
-9645
-12268
-14278
-13120
-9838
-7060
-4131
354
4375
6281
8902
11767
12664
10886
8276
6395
3583
-412
-4652
-7216
-9310
-12133
-12839
-11196
-8934
-7701
-5852
-1039
4015
6740
8195
10818
12392
10679
7860
4893
2090
-1598
-5572
-7634
-8561
-10255
-12242
-11572
-9484
-7500
-3639
797
4706
7572
9021
10727
11772
10559
9139
8872
7631
2978
-3013
-6568
-9621
-12198
-12973
-12532
-9733
-6319
-3225
1559
6132
8805
11183
14045
15524
13925
11485
8992
5718
726
-4414
-7330
-9262
-11256
-12535
-11131
-8905
-7139
-4200
515
5033
8049
11015
13690
14889
13348
10227
7788
4609
-120
-4617
-7610
-9875
-12834
-14118
-12032
-8645
-5373
-2251
1722
5906
8285
10203
12455
13552
12624
9778
7165
4767
794
-3941
-7122
-10030
-13665
-15318
-14732
-13045
-11450
-7785
-1562
3583
7662
10672
12338
13126
10983
7430
5486
2939
-1170
-4717
-6649
-9108
-12356
-13978
-13584
-10702
-7164
-4401
-403
3896
6557
9256
11866
12645
12098
10356
8849
6270
875
-4456
-7597
-9248
-10807
-11256
-10169
-9118
-8381
-5795
-441
5184
8352
10119
12799
14855
14708
12092
9383
6386
-109
-5910
-8569
-10537
-12427
-13519
-12602
-11002
-9841
-6482
-757
4800
8376
10280
12502
13622
11552
7856
4417
281
-3516
-6525
-9009
-10604
-12978
-13603
-10551
-6321
-3229
-839
3193
7130
9295
11141
13534
14445
11335
6966
4067
1853
-1526
-5052
-7174
-9985
-13199
-14434
-13546
-10980
-8356
-6457
-2066
3317
6822
9605
12251
13744
11544
8267
5967
2974
-821
-4753
-6467
-7649
-9824
-11199
-10790
-9000
-7809
-5347
-240
5678
9542
10383
11665
13025
11705
9646
8370
5306
-10
-4927
-8357
-10534
-12322
-12741
-10485
-7186
-5065
-3348
529
4069
5950
8556
11344
13191
12453
9805
7722
5044
1039
-2762
-5405
-7594
-10385
-12083
-11086
-9190
-7507
-4988
-369
5474
9005
10287
12370
13759
12137
9647
7782
4851
-183
-5228
-7816
-9296
-10969
-11617
-10731
-9230
-7536
-4305
381
5090
7655
8741
11032
12302
10781
8024
5589
3444
85
-4043
-6584
-8522
-10323
-10807
-8716
-5442
-4080
-1845
1622
4556
6752
8921
11393
12678
12039
9993
8365
5366
362
-4724
-8759
-11158
-13855
-14842
-12543
-9855
-7544
-4969
-766
3626
6166
7902
10300
11825
10486
8983
7742
4324
-718
-5263
-7824
-9115
-10982
-12264
-11543
-9557
-7680
-5493
-791
4581
8022
10196
11994
12491
11157
9289
7635
5695
1509
-3602
-7509
-10973
-13370
-13610
-11590
-8810
-6851
-4458
-280
3880
6143
7938
11073
12551
10063
6917
5159
2220
-2091
-5683
-7807
-8999
-10751
-11621
-10379
-7767
-5046
-2315
2183
6332
7732
9021
11530
13273
11936
9555
8052
5555
1294
-3800
-7854
-10454
-12333
-13365
-11653
-9420
-8661
-5537
-546
3408
5762
7086
9978
12811
12315
9965
7798
4958
-693
-6094
-8592
-10359
-12771
-14416
-13277
-11159
-9814
-6726
-1711
2485
5690
8756
11941
13618
12417
9743
7703
4584
-846
-6076
-9303
-11195
-13415
-13942
-12296
-9538
-6884
-4042
1325
5799
7701
9294
11356
13143
12374
10073
8192
5697
877
-4791
-8136
-10535
-12888
-13518
-12000
-9301
-7305
-5011
-144
4451
6703
8718
10724
11726
10764
8631
7072
5011
1214
-2708
-4760
-6777
-9885
-11943
-11475
-10011
-8210
-4041
972
5930
9572
10845
12014
12975
11858
9546
7315
3363
-1582
-6462
-9837
-11505
-13416
-14944
-14592
-11920
-9665
-6542
-1366
3209
6368
8618
11117
12794
11728
9218
7383
4320
-190
-4563
-8039
-10200
-12597
-13685
-12292
-9997
-7455
-4695
-436
4143
6949
9713
12889
14922
14318
10860
7021
3152
-1480
-5972
-8373
-9268
-11010
-12041
-10183
-7045
-5300
-3012
1267
5268
7392
8961
11704
13100
11157
8071
6121
3393
-1248
-5292
-8312
-10785
-12487
-12934
-11047
-7766
-5912
-4021
422
4822
7545
9836
11989
12985
11977
9855
8371
5573
-262
-5553
-8377
-10272
-11759
-12239
-11051
-8589
-7599
-6587
-1850
2750
5781
8738
10540
11799
10348
7388
5309
2478
-66
-2852
-5705
-7589
-10684
-12519
-10657
-7709
-5318
-2770
1384
5076
6979
9499
12902
14300
12844
9747
6839
4146
-87
-4061
-6672
-9238
-12419
-13582
-11226
-8969
-6997
-4354
-580
3589
6121
8686
11826
13712
12891
10035
6421
2440
-2290
-6435
-7682
-8380
-10594
-11261
-9138
-6401
-4214
-2393
1080
4855
6746
9118
12334
14038
12289
9060
6509
3829
122
-4298
-7290
-9375
-11827
-13483
-12910
-10453
-8205
-4852
558
4907
7504
10117
13263
15200
14380
11412
8719
5389
-705
-6327
-9263
-11415
-13969
-14661
-12396
-9489
-7712
-5431
-1196
2686
6009
9052
11643
13098
11002
7875
5766
3282
-889
-5644
-7914
-9544
-11584
-12798
-12000
-9558
-8176
-5761
-1661
1916
4986
7049
9144
10942
9919
7543
5512
2933
-857
-4572
-7249
-9539
-11796
-13220
-11485
-8390
-6712
-4605
-895
2695
4960
8016
11744
13541
12501
9784
7528
4502
-183
-4799
-8227
-10592
-12891
-13879
-12225
-10170
-9059
-7356
-3540
1471
5481
8528
12094
14512
13412
10539
7916
4721
-542
-5396
-8041
-10594
-13660
-14746
-13054
-10211
-6622
-3325
635
3857
4669
6588
10092
12484
11712
9117
6651
3805
-424
-4984
-7210
-8872
-11731
-13495
-12579
-9876
-7046
-3492
1507
5676
7245
8101
9677
10682
9598
7607
6564
4195
-610
-5077
-8936
-11601
-13185
-13773
-11187
-8485
-7163
-3892
1333
5220
7142
9058
11443
13537
12637
10162
8391
4904
423
-4534
-7455
-8771
-11761
-13113
-12357
-10214
-8005
-5580
-509
4419
7655
9548
11030
12226
11032
8188
5373
1916
-2233
-5391
-7662
-9164
-10768
-11935
-10105
-8000
-6703
-4054
167
5447
9048
11691
14171
14198
11824
9503
7670
3667
-1422
-5191
-6553
-7327
-9140
-10685
-10160
-8036
-5702
-2310
1967
5709
7457
9048
11647
12876
11489
8335
6034
3382
-1648
-5993
-8050
-9630
-10857
-10243
-8510
-6627
-5441
-3741
4
3291
5478
7896
10298
11778
11012
8788
7455
5343
643
-4618
-8232
-10569
-12146
-11912
-10278
-7125
-4467
-2392
1379
4714
6081
7236
10131
12279
12362
10789
8841
6237
1523
-2562
-5270
-7338
-10258
-12972
-12371
-9903
-8520
-6857
-2534
2110
5014
7892
11512
13605
12520
9520
7599
4926
-207
-5054
-8184
-10055
-12183
-13511
-12844
-10718
-8204
-5166
-99
4558
6978
9111
11385
12256
10199
7569
5968
3374
264
-2438
-4800
-6995
-9836
-12412
-11857
-9606
-7776
-4358
512
4575
7235
9414
11912
14236
13978
11515
9186
6149
685
-3882
-5956
-8714
-11575
-12770
-11188
-8279
-6378
-3988
230
3945
6659
8808
10763
11744
10740
9914
8872
5921
1061
-3942
-7333
-8613
-9764
-11207
-10789
-9333
-7152
-4254
72
4358
6145
8315
10150
11123
11700
10511
9367
7162
1821
-3218
-6425
-8789
-10412
-11186
-9344
-7234
-6374
-4380
-35
4757
7655
9725
11079
11509
10144
7261
5255
3346
-61
-4343
-7699
-9822
-12193
-13642
-12512
-10606
-8617
-5498
-342
4435
6531
8997
12202
14041
13719
11548
8860
5651
826
-4947
-8904
-11411
-14104
-15570
-14286
-11082
-7995
-4770
271
4875
6562
8431
11125
12080
10901
8866
7391
5375
1873
-2682
-6087
-8513
-11744
-12646
-10414
-7446
-4894
-2024
1982
5897
8328
9910
12531
14295
12805
10539
9194
7120
3048
-2266
-5450
-7700
-10562
-11453
-10487
-8909
-7740
-5719
-787
3791
6181
9013
11803
12886
11617
9137
7232
5070
924
-3583
-6057
-7957
-10840
-13232
-12884
-11303
-9396
-5963
-879
4547
7602
9543
12127
13473
12514
10169
7745
4799
288
-3666
-6561
-8744
-10948
-13301
-12682
-10028
-7284
-3923
650
4793
7238
9249
11630
12831
11639
9327
7056
5066
1264
-3037
-5783
-9030
-12465
-14459
-13606
-11277
-9374
-6585
-2059
2985
6134
7618
9679
10719
9170
6641
4064
1471
-1644
-4423
-5717
-6793
-9537
-12095
-11479
-8505
-6525
-4563
568
5400
8308
10953
12264
12367
11557
9742
8507
6993
3404
-283
-2806
-5121
-8479
-11717
-12290
-10763
-8824
-6545
-1161
4854
7952
10313
12706
13878
12320
10291
8666
5701
1521
-3520
-7283
-9048
-10293
-10890
-9604
-7137
-5598
-3963
148
4400
6568
8427
10958
12425
12136
10603
7822
4772
318
-4824
-8406
-11289
-13902
-14692
-12986
-9263
-5970
-3552
593
4777
7942
10266
13556
16573
14730
11767
10209
7204
2302
-2662
-6626
-10337
-13166
-13921
-11505
-8001
-6477
-3870
752
5123
8317
10205
12286
13509
12336
10282
8333
5892
1508
-3667
-6866
-9013
-11118
-12070
-10751
-8175
-6130
-3110
1560
5838
8613
10594
12379
12583
9816
6171
4306
1910
-2819
-6996
-9204
-11009
-12999
-14308
-12991
-10265
-7819
-3450
1876
5923
8748
11074
13619
15103
13332
9999
7816
5002
1014
-3410
-7627
-10363
-12680
-13246
-11789
-9335
-7185
-5068
18
4698
6619
8402
10782
12359
11545
9140
7326
4229
-893
-5357
-8647
-11153
-13725
-15015
-12929
-9679
-7322
-4661
329
4969
7479
9852
11810
12832
11520
9334
8261
6783
2707
-1968
-3916
-6081
-9904
-12791
-12722
-10277
-8055
-4871
6
4850
7938
9508
12265
13803
12553
10574
8643
5632
751
-2843
-5065
-8419
-11943
-13537
-12881
-11142
-8445
-5110
-463
3998
6534
8735
11031
12563
11087
8293
6110
2727
-1437
-5672
-8223
-9892
-12553
-13703
-12086
-9367
-7045
-4016
57
4415
7355
9087
11468
13202
12858
10950
8347
4278
-1496
-6454
-7975
-8511
-10670
-12321
-11794
-10476
-8385
-4513
310
5014
7268
8561
10876
12530
12212
10470
8396
4873
201
-4088
-7482
-10266
-12561
-13799
-12920
-10286
-7823
-4636
-219
3396
5186
6527
9248
11717
11452
9891
8227
5012
577
-3986
-7463
-10462
-13359
-14809
-13555
-10614
-9177
-6117
-734
3557
6307
8676
11352
12951
12025
9158
6645
3526
-975
-5065
-7636
-9194
-10891
-12306
-10939
-8790
-7461
-4689
-783
3788
7064
9540
13006
14509
12814
9226
5991
3650
-459
-5150
-7827
-9517
-11454
-12224
-11374
-9131
-6858
-4491
-57
4146
7408
10057
11942
12778
10602
7603
5441
2188
-2195
-6110
-8533
-10357
-12847
-14860
-13880
-11423
-9032
-5784
-1157
4409
7663
9342
12497
14348
12382
9088
6551
3615
-976
-4846
-7313
-9782
-12622
-14508
-13268
-11432
-9349
-5560
-375
4573
7717
10666
13882
15421
13699
10935
8562
4718
89
-4074
-7158
-9317
-12279
-13925
-12245
-9946
-7887
-5188
-1291
3462
5672
7193
10272
12028
11434
9260
7296
4150
-1383
-6142
-8107
-9498
-12362
-14709
-13669
-10769
-8078
-4099
891
5144
7626
8530
10390
12707
11351
8209
6783
4154
-653
-4804
-8327
-11108
-12775
-12614
-9496
-5846
-4208
-2948
1241
5174
6413
8056
10631
12389
11384
9393
8144
5438
1063
-4124
-7653
-9305
-12362
-14133
-12556
-9988
-7941
-5404
-891
3943
7618
10261
12881
14122
12154
9322
7319
3945
-1123
-5871
-8608
-9921
-12393
-13034
-10038
-7158
-5248
-2745
546
4146
6637
8676
11604
12476
10248
7156
4961
2943
-424
-4514
-7811
-9949
-12215
-13216
-12152
-10543
-8798
-5871
-967
3956
7713
10461
12613
13485
12270
10120
8353
6263
1309
-3856
-6682
-8784
-10350
-10957
-8708
-5751
-4198
-2308
863
5272
8155
10071
12767
13786
12057
9330
7135
5217
2077
-1910
-4548
-6860
-10534
-12611
-11409
-8499
-5420
-2422
1050
4358
7213
9482
12382
13972
11760
8879
6690
3758
-1049
-6607
-9435
-10816
-13546
-14988
-13904
-11005
-7977
-5065
31
5298
8435
11038
13576
14639
13303
10234
7955
5786
1377
-3661
-7251
-10449
-14035
-15541
-13491
-10870
-8886
-5191
-622
4273
7311
8682
11178
11630
9417
6712
4815
2860
-1391
-5803
-8024
-10402
-12935
-13607
-11915
-9018
-6557
-3824
92
4119
6823
9460
12885
14552
12757
9197
6448
3956
-149
-4450
-7036
-8980
-11450
-12710
-12315
-10298
-7133
-3785
662
4959
7270
8680
11060
12448
11229
9754
8328
6074
1666
-3846
-7497
-10355
-12627
-12948
-11335
-8636
-6813
-4826
-342
4242
7386
9841
12424
13544
11196
8484
6599
4223
473
-4119
-6897
-8968
-11271
-12144
-10931
-8574
-6798
-3785
1000
4801
7352
9335
11848
13821
12847
10422
7933
4585
-343
-5000
-8136
-9806
-10481
-11239
-10420
-8799
-7477
-5212
-267
4932
7733
10448
12518
13433
12079
9433
7849
5425
1226
-2907
-5589
-7517
-10263
-12361
-11572
-9222
-7232
-4681
539
5438
8181
10471
12623
13428
12299
10523
8574
6297
2331
-2571
-5711
-8540
-12233
-14089
-12744
-10019
-8019
-5247
-446
3591
6676
9596
11987
12797
10688
7920
6007
4019
-299
-5618
-8329
-9692
-11097
-11981
-10844
-8105
-5919
-2955
1156
4644
6615
8551
11371
12769
11618
8895
6573
3684
-804
-5132
-8058
-10400
-13444
-15487
-13886
-10158
-7281
-3673
344
3926
6697
8522
11611
13195
12023
9866
8195
6001
452
-5007
-8043
-10404
-12164
-13136
-11952
-9508
-7661
-4880
-251
4611
7954
9674
11020
11630
9989
8553
7581
5281
389
-4605
-7096
-9457
-11914
-13700
-12351
-8889
-6949
-4166
664
4153
5908
7887
10370
11645
10277
8459
7189
4238
23
-4027
-6733
-7995
-11139
-13502
-11991
-9392
-6743
-4191
56
4627
7337
9862
12051
12757
10748
7653
5968
4157
127
-3796
-6187
-8668
-11668
-13535
-11876
-9071
-7072
-3924
679
5393
8841
10924
12890
14073
13226
10595
7381
3640
-1651
-6205
-8737
-10532
-12285
-13384
-12235
-10195
-8185
-4188
838
5353
8499
10041
12240
13836
12125
9501
8347
6734
2672
-2585
-6931
-10511
-13962
-15615
-13799
-10694
-8496
-5072
273
4969
8465
11758
14943
16446
14798
11751
9305
5866
163
-5101
-7911
-9757
-12103
-13860
-13244
-11207
-8779
-5150
-394
4083
7034
9335
11923
13435
12500
9539
7079
4217
-826
-4583
-6568
-8498
-10349
-11929
-11343
-8940
-6780
-3429
1604
6648
10233
12197
13516
14271
12477
9194
7261
5368
2045
-2183
-4826
-6964
-9843
-11651
-11701
-10234
-8386
-5515
-1077
3463
6649
8743
11343
13022
11259
8366
6700
3782
-1032
-5189
-7144
-8787
-12005
-13487
-12023
-10001
-8050
-5812
-1446
4478
8198
11533
15321
16190
14224
10213
6533
3567
-1206
-5377
-7552
-9653
-12299
-13672
-11531
-8302
-6612
-4666
-304
4535
7377
9355
11647
13350
12358
9912
7972
4609
-557
-6028
-9682
-11630
-14005
-15184
-13170
-9593
-7147
-4670
389
5727
8530
10017
11585
12406
11121
9111
7573
4928
-206
-6216
-9734
-11448
-13625
-13936
-11798
-9280
-6823
-5528
-2644
1646
4149
6678
10305
12449
12002
10974
9514
6267
638
-4584
-7613
-9527
-12215
-13243
-10337
-7778
-6301
-3867
-129
3473
6090
8811
12151
13435
11265
8985
7748
5583
1685
-2913
-6131
-8636
-12273
-14231
-12664
-9748
-6991
-3348
473
3879
7201
9266
11466
12385
10693
8590
6809
4377
68
-4150
-6658
-9131
-12121
-13511
-12753
-11306
-8999
-5302
364
6487
9736
11007
13044
14357
13341
11431
9806
7347
2221
-2733
-5294
-7757
-10943
-12694
-11463
-8992
-6557
-3037
1641
5965
8146
9085
11026
12321
10861
8608
7429
5165
1375
-2874
-5779
-7235
-9546
-10546
-10018
-9102
-8008
-6169
-1903
2897
6900
9733
11538
12578
10665
8128
7353
4822
-544
-6307
-9152
-10559
-12107
-11989
-10425
-8026
-5972
-3650
201
4489
7749
11039
14257
14453
11522
8147
5685
3382
-612
-5037
-7472
-9175
-12195
-14672
-13439
-9847
-6553
-2777
2189
6293
8860
10517
12184
12838
11141
8626
6950
5009
1057
-2990
-5968
-8370
-11099
-13060
-11464
-8757
-6460
-3272
731
5167
8846
11651
14198
14887
12916
10095
7725
5871
2291
-2675
-6310
-8172
-9156
-9580
-8404
-7127
-6135
-3895
-586
2934
5152
6857
9675
11313
10418
8661
6612
3511
-964
-5284
-7860
-9965
-12296
-12589
-10293
-7936
-6385
-3446
686
5078
8494
9926
11709
12331
10481
8661
7092
4244
-656
-5719
-8695
-10814
-13557
-14396
-12378
-9955
-8672
-6738
-2211
3070
6546
9222
12872
15042
13904
10337
6681
2503
-3209
-7534
-10078
-11385
-13019
-14690
-14025
-12027
-8916
-5376
-565
4671
7497
9671
12587
14838
13942
10870
8687
5214
-328
-4482
-7242
-9460
-11146
-12185
-11564
-9403
-7331
-4668
-532
3424
6120
8657
12156
14587
13173
9654
7155
3895
-831
-4876
-7026
-8150
-10343
-11706
-10763
-8648
-5960
-3172
919
5440
8233
10587
13769
14683
12334
9298
6461
2825
-1400
-5183
-7884
-9068
-11616
-13319
-11608
-9259
-7680
-5233
-319
4403
6984
8657
10500
11282
10193
7827
5877
3751
-785
-5517
-8065
-9682
-11734
-12718
-11772
-9891
-8185
-6218
-1592
3542
6698
9906
12736
13711
12953
10551
7983
5482
200
-5267
-7474
-9376
-11641
-12996
-12505
-9626
-7265
-5205
-525
3329
4649
5983
8991
12638
12912
11603
11110
7768
2204
-2993
-6512
-7918
-10282
-12130
-11124
-9440
-7565
-4871
-1027
4319
7715
10073
13178
13200
11298
8581
6200
4146
-854
-5086
-6975
-9628
-11958
-13305
-12296
-8987
-7303
-5148
-303
4044
6709
9148
12702
15075
13833
11258
8686
4622
-850
-5938
-9122
-11281
-13427
-14363
-12920
-9840
-7721
-4387
1056
5221
8245
10285
12753
14348
12717
10472
8360
4958
-232
-5358
-8553
-11457
-14339
-16129
-14577
-10362
-7440
-4465
134
4496
6788
8435
10589
11988
11223
9351
8136
5313
248
-4094
-6890
-9103
-11358
-13015
-12213
-9371
-7117
-4531
711
5875
7762
8633
10155
10185
8358
6841
6591
5246
1952
-2644
-6691
-9107
-11642
-12444
-10631
-8627
-7536
-5471
-905
3471
6837
10471
13616
14997
13635
10699
7538
2876
-2403
-6213
-8330
-10400
-13234
-14518
-13454
-11268
-8655
-4991
291
4848
7132
8283
10040
12150
11840
9980
8380
5442
732
-4489
-7844
-9477
-11930
-12832
-11096
-9193
-7440
-5127
-709
4450
7104
9509
12186
12769
11537
9455
8412
6573
1731
-3219
-7031
-10162
-12944
-13756
-11644
-8697
-5414
-2430
1499
6142
8766
11078
13556
14328
12080
7962
5033
2575
-1547
-5429
-7444
-9844
-13256
-15637
-14193
-10687
-8140
-5004
-593
3673
6180
8007
10619
12031
11524
10105
8365
5864
763
-4432
-6406
-8089
-10168
-11388
-10753
-7669
-5985
-4697
-153
4523
6995
9468
11804
12292
10962
8671
6395
2844
-1993
-6160
-8882
-10509
-12734
-13913
-12033
-9177
-6896
-3967
531
5510
8545
10099
12125
12938
11487
8382
6302
4195
78
-3311
-6029
-8183
-10260
-11629
-10477
-7967
-5861
-3844
561
5753
8792
10332
11763
12247
10214
8108
7396
5051
551
-3668
-6409
-8308
-10284
-11498
-10360
-8451
-7880
-5920
-559
4848
8390
11646
14396
14889
12564
9190
6790
4105
-981
-5731
-8003
-9780
-11534
-12578
-11893
-9455
-7005
-4229
519
5086
7903
10662
13773
15164
13502
10621
7421
3734
-888
-4420
-6622
-9090
-11469
-13581
-12457
-9066
-6770
-4164
423
4546
6903
8574
10840
12375
10714
9363
8530
5587
953
-3476
-6175
-7888
-10499
-12957
-12043
-10651
-8740
-4759
-265
4467
7494
9746
12469
13346
11655
9192
6699
3902
-413
-4997
-6991
-8916
-11332
-12290
-11198
-8117
-5851
-3045
1752
6144
8847
10234
11877
12302
10374
8298
6291
3793
429
-4322
-7641
-9692
-12245
-13080
-11149
-8392
-6207
-3193
1473
5557
7175
8246
9682
10817
9945
7847
6863
4329
-379
-4708
-7190
-9303
-11733
-12808
-11389
-8608
-6930
-4394
37
3954
6525
9023
12035
14288
13610
11062
8467
4589
-578
-5330
-7837
-9293
-11026
-12146
-10994
-8162
-5657
-2766
1164
5264
7687
9428
12583
14551
13626
11418
9135
6350
2484
-1523
-5001
-7730
-10806
-13665
-12835
-9401
-6713
-3569
641
4048
6465
8584
10547
11209
9219
6087
4901
3573
-332
-4605
-7916
-10060
-11911
-12923
-10754
-7888
-6479
-3782
1021
5470
7758
9433
12112
13473
11862
8773
5650
2337
-1992
-5670
-7351
-8766
-10438
-11870
-11677
-10059
-8777
-5941
-473
4854
7507
8773
10608
12416
11455
8340
6889
4564
-350
-4934
-8002
-9961
-12588
-14382
-13189
-10707
-8347
-5043
112
5548
9061
10536
11797
12014
10020
8150
6972
4659
391
-5376
-8922
-10268
-12353
-13189
-12061
-10271
-8121
-4598
69
4528
7938
9775
11901
12754
11134
8673
5940
3514
-292
-4956
-7892
-9899
-12737
-14595
-13018
-9759
-6356
-2173
2315
5989
8282
10097
11781
11844
10021
8413
6921
4135
552
-3315
-6072
-8019
-11337
-14048
-14053
-11862
-9210
-6041
-1011
3492
6641
9344
12488
14856
14607
12848
10160
7195
2849
-2140
-5716
-9354
-12560
-14229
-13358
-10952
-8592
-4478
1387
6069
7844
8894
10143
11368
10624
7136
4853
2886
-1514
-6062
-8851
-11025
-13472
-14954
-13719
-11248
-7978
-4529
-885
3006
5010
6887
9825
12547
11938
8881
6095
2736
-1714
-6169
-8084
-9447
-12224
-13149
-11290
-8548
-6155
-3682
601
5305
8510
10867
13019
14217
12677
9588
7410
4568
545
-3384
-6352
-8100
-10928
-12741
-11357
-8997
-7236
-4919
20
5562
9571
11843
13129
13719
11945
9597
8183
5228
362
-4438
-7410
-10037
-13595
-15610
-14866
-11589
-7932
-4436
446
4655
6621
8007
10173
11354
9630
6566
4400
2503
-634
-4339
-6988
-9153
-11004
-11951
-11418
-8939
-6790
-4766
-647
3897
6923
9454
12043
13543
12491
10111
7960
4389
-114
-4764
-8498
-10447
-12293
-12643
-10850
-8775
-7594
-6344
-3038
1429
5013
7886
11582
13689
11982
8853
5927
3357
-222
-4779
-7899
-10836
-13596
-14464
-12504
-9021
-7108
-4150
896
5727
9140
11025
12470
12650
11492
9784
7905
5579
887
-4572
-8124
-10375
-13292
-15694
-14235
-11290
-9250
-5860
-1107
3118
6999
10067
12349
13922
12345
9754
8626
6257
1476
-3179
-5936
-8498
-10925
-12229
-12291
-10328
-8114
-4709
1435
6000
7924
9536
12151
13299
11661
9054
5578
1630
-3171
-7110
-8719
-9587
-10670
-10913
-9359
-7476
-5910
-3493
257
4240
6549
8244
11559
13002
10817
8410
5992
3491
1
-4750
-8263
-10378
-11914
-12371
-10220
-7934
-6721
-2901
2515
6387
8571
11044
14447
15499
13503
10309
6840
4370
812
-3854
-6364
-8691
-11752
-13005
-11685
-9070
-7169
-4606
591
5337
8077
10075
11836
13476
12040
8856
6659
3314
-1773
-7108
-9948
-11817
-14349
-15673
-14275
-11204
-8515
-4616
777
5662
8223
9490
11259
12002
10683
8812
6770
4154
698
-3182
-6719
-10742
-14210
-15366
-13064
-9351
-7060
-4102
273
4290
6305
8102
11750
13005
11203
8157
4543
1389
-2837
-6568
-7944
-9118
-11281
-12037
-10917
-9399
-7701
-5400
-970
4101
7786
11281
14659
15482
13164
9848
7195
4666
209
-4719
-7805
-10550
-13399
-14753
-14288
-11574
-8332
-5023
440
5237
7653
9172
10848
11794
10250
8323
7808
6508
2898
-1796
-6013
-9600
-12550
-14021
-12546
-9530
-7793
-5479
-841
3768
6831
9591
12546
14298
12440
8996
6877
3766
-311
-3791
-6080
-7965
-10689
-12392
-12189
-10552
-8555
-5186
1041
7359
11523
13510
15425
16398
13987
10891
8568
4565
-1318
-5958
-8606
-9310
-9552
-10083
-8472
-6618
-6154
-4599
-736
3325
5731
7340
9053
10327
9867
8549
7616
5609
2339
-1696
-5769
-9338
-12603
-13717
-11640
-8790
-6549
-3747
621
5323
7815
9649
11692
12468
11251
8701
6616
3413
-1971
-6697
-8898
-10015
-11768
-12979
-12156
-9343
-5779
-2799
1014
4879
6977
9206
12449
14336
12918
10314
7700
3984
-1022
-6496
-10106
-12043
-13343
-13450
-11355
-8481
-6919
-4627
160
5130
7464
9563
12464
13409
11849
9235
6957
4068
-1096
-6790
-10324
-11982
-13394
-14203
-12352
-9660
-7814
-4303
203
4188
7768
9871
11575
12983
12010
10046
8637
5851
740
-4327
-7600
-10439
-12646
-13652
-12361
-9405
-8047
-5899
-911
4394
7664
10595
13163
13416
12030
9193
7087
4728
-55
-4858
-7684
-9426
-11359
-11730
-10156
-7912
-5800
-3030
631
4192
6473
7819
10666
12284
10881
8183
6204
4046
-767
-4599
-6475
-8486
-10854
-12616
-12145
-10578
-8525
-5768
-1342
3755
6709
8782
11423
12850
11227
8533
6628
4044
-280
-4481
-6675
-8517
-11897
-14067
-12623
-10474
-9211
-7378
-2922
2708
5502
8141
11268
12291
12181
10463
8413
5506
378
-4174
-7943
-11754
-14421
-14918
-12541
-8680
-6994
-5082
-20
3909
6079
8515
10884
12121
10797
8708
7392
5080
480
-3960
-5718
-7677
-11117
-12824
-11156
-8247
-5946
-2977
1057
5164
8797
11335
13513
14861
12643
9261
7665
4642
-239
-4268
-7465
-9751
-11664
-13132
-12216
-9524
-6894
-4039
177
4857
8132
10113
12617
14411
13370
11290
8551
4390
-532
-4997
-6882
-8242
-10727
-12351
-11885
-9759
-7838
-4431
1244
6723
9653
11536
14501
15667
14514
12263
9328
5064
-286
-5423
-8922
-10908
-14070
-16017
-15080
-12652
-9413
-5724
-196
5521
8927
10938
13020
13129
10991
9009
7389
5570
1563
-3430
-7049
-9698
-12477
-14401
-13412
-10968
-8233
-5143
-1319
2904
5877
8567
11567
12688
11531
9802
7399
4241
-131
-4577
-6371
-7264
-9495
-11156
-10507
-9198
-8136
-6372
-1828
3700
6516
8868
12062
13840
12621
9584
7398
4513
-883
-5814
-8376
-9621
-11228
-12323
-10841
-8589
-7148
-4967
-452
4326
7465
10065
12452
13660
12668
9914
7068
3238
-2693
-7642
-10287
-11970
-13985
-14882
-12799
-9863
-6576
-2872
1167
5699
8196
9707
12019
12872
11628
8885
7040
4724
-560
-5096
-7658
-9598
-11861
-13604
-13160
-11200
-8175
-3502
2242
6957
8940
9294
10543
11559
10109
7845
6427
4799
1036
-3523
-6270
-8117
-10426
-11931
-10709
-8786
-7233
-4727
-1104
3058
6178
9040
12656
14275
12885
10878
8875
6099
1573
-3957
-7002
-8768
-11506
-12704
-11201
-8994
-6764
-3315
815
5476
9210
11231
13491
14214
12038
9305
7054
4274
20
-4482
-7192
-9359
-12388
-14293
-13206
-10267
-8153
-6165
-1606
3337
6474
9073
11429
13221
12301
9009
7235
4574
-180
-4700
-8297
-10566
-13178
-14373
-13298
-10864
-8218
-5589
-991
3282
6354
9024
11552
13642
13057
10440
7836
4096
-1898
-6883
-9059
-10422
-11880
-12294
-10435
-7999
-6587
-4612
-749
3584
6506
8763
11083
11769
10122
7384
5475
3837
682
-2461
-4416
-6511
-9190
-11329
-10887
-8298
-5934
-2788
1438
5258
7575
9364
12701
14710
13001
9482
6702
3934
-1206
-6343
-9470
-12129
-14081
-14578
-13272
-10799
-9290
-7127
-2357
2348
4871
7101
10407
12239
11229
9048
6501
4011
40
-4506
-6990
-9705
-12793
-14527
-13806
-11379
-9822
-7653
-2976
1916
4758
7305
10664
12519
11764
9074
6586
4076
-185
-4705
-7511
-9719
-12767
-14151
-13188
-10884
-7762
-4011
761
4501
6379
8115
10387
11800
10936
8956
7793
5988
871
-4610
-7555
-9757
-12488
-13978
-11906
-8681
-6614
-4179
-89
4083
7050
10155
13434
15162
13643
10463
7711
4626
313
-4208
-6655
-8299
-10761
-12566
-12590
-10712
-8676
-6425
-1372
3728
6419
9137
12062
12884
11167
9426
7697
4810
647
-3883
-6761
-8884
-11689
-14073
-13873
-12460
-10892
-7397
-2057
3072
5560
7814
10614
10786
9324
6502
3726
1870
-2252
-6352
-7787
-9031
-12268
-14470
-13081
-10703
-8753
-6234
-1979
1952
4456
7245
10191
12067
11620
9297
7795
5685
210
-5656
-9382
-12216
-14890
-16054
-14836
-12834
-10546
-6186
-47
5279
8069
9478
11439
12684
11563
9796
8676
6441
1148
-3993
-6202
-7482
-9734
-10954
-9474
-7724
-5894
-3114
1154
5411
7315
8146
10788
12955
12098
10454
8487
4776
-713
-5526
-8302
-10164
-12310
-13269
-11608
-8807
-6130
-3213
1385
6612
9321
11030
13781
14899
13237
10932
8278
4451
-546
-5393
-9010
-11848
-14345
-16027
-14222
-10228
-7208
-3495
1263
5412
8058
10350
13135
14300
13032
10572
8950
6685
1860
-2686
-5179
-7311
-10897
-12632
-10956
-8662
-5487
-2063
1402
5814
8341
9541
11973
13210
11438
8968
7348
4832
431
-4630
-7959
-10056
-12278
-13018
-11610
-8531
-6020
-3238
1723
5800
8494
10914
13393
13796
12361
11044
9030
6937
2932
-2019
-4806
-7427
-10933
-12984
-12978
-11666
-9835
-6969
-2177
2634
6691
9918
13087
14701
12961
10111
6335
2784
-939
-4791
-6508
-8258
-10803
-12129
-11331
-9005
-7130
-5131
-869
3410
6328
9171
11228
12310
10446
6986
4692
2061
-1082
-5275
-7777
-9454
-12184
-13561
-12821
-9760
-7482
-4327
960
5032
7551
8973
11078
12973
12052
10195
8884
6389
1889
-3128
-6392
-8798
-12057
-13053
-11397
-8954
-6242
-4154
105
5265
8748
11293
12901
13228
11071
8191
6175
3446
-1007
-5788
-8187
-8981
-10131
-11590
-11558
-9513
-7255
-3899
1326
6195
8211
9012
11166
12976
11521
8341
5995
2504
-2368
-6343
-8604
-10036
-12531
-14055
-12624
-10219
-8063
-4728
733
5528
8289
10358
11996
12522
11298
7843
5143
4055
598
-3144
-4898
-7308
-10617
-12138
-11456
-10451
-9263
-6871
-1246
4906
7953
10651
13267
13938
11767
9038
7844
5309
501
-5026
-9017
-11181
-13335
-13974
-11824
-9284
-7056
-4426
-607
3471
5847
7913
10295
11575
11007
9004
6864
3818
-1096
-5857
-8130
-8779
-9794
-10912
-10499
-8431
-6511
-3329
1811
6493
9134
10461
12302
12981
10993
8844
7424
4536
509
-4167
-8140
-9525
-11659
-13423
-11700
-9193
-7272
-5109
-731
4131
6763
9883
13057
13863
12146
8120
4858
2168
-2749
-7693
-10876
-13059
-14789
-15537
-14052
-10924
-8165
-4896
990
6331
8263
9920
11808
12632
11589
8766
6780
3579
-1329
-5320
-7886
-10379
-13426
-14708
-13340
-11170
-8785
-5321
-676
4646
8637
11644
13897
14567
12517
9377
7850
5359
1108
-3741
-6990
-8969
-11840
-12542
-10557
-8881
-7692
-5641
-1574
3353
7277
10252
13032
14845
13493
9796
6658
2493
-2682
-6383
-8143
-8644
-10325
-11708
-10839
-8271
-5748
-3159
1532
5234
6303
8017
10659
12397
11831
9985
8676
5693
307
-5354
-9141
-10976
-13184
-13923
-12005
-10265
-8108
-5015
-58
5771
8507
10136
12734
14651
13415
11285
9780
6252
1682
-2962
-6352
-8656
-11420
-12537
-11011
-9567
-8531
-6730
-2541
2639
5520
8018
10551
11716
11448
9898
8352
6186
2055
-1933
-4878
-7847
-11817
-14143
-12277
-9776
-7435
-4002
483
4645
6652
9357
12340
12961
11853
8842
5655
2584
-2056
-6248
-7937
-9246
-11340
-12314
-11039
-9081
-7423
-4405
287
4674
6962
9497
12619
13959
12619
9048
6474
3754
-473
-4428
-7219
-8957
-11129
-12945
-12316
-9706
-7303
-3782
1520
6340
8978
10465
12335
13300
11619
8812
7014
4057
-820
-6188
-9322
-10991
-12820
-13235
-12165
-9460
-6634
-3588
637
4233
6001
7637
10720
12072
10839
8830
6288
3369
-1084
-5503
-7733
-9329
-10991
-11854
-10368
-7557
-6003
-3330
934
4123
6243
8763
11907
13393
12312
9476
7425
5417
607
-3812
-6623
-9264
-12284
-14019
-11777
-8425
-5765
-2999
376
4434
6775
8795
11720
11920
10665
8991
7037
5254
1113
-2913
-5061
-7893
-11725
-13458
-12738
-10336
-6746
-3301
1757
6415
9118
11076
12785
13221
11120
8287
5339
2286
-2622
-7762
-9950
-11214
-13094
-13804
-12112
-9759
-7989
-5868
-1727
2579
6139
9246
11121
12637
11874
9565
7219
3204
-2191
-6318
-7788
-9680
-12480
-14003
-12603
-9246
-7154
-4453
-111
3578
7077
10332
12877
14247
12463
9396
7486
4664
458
-4359
-7761
-10184
-13687
-14713
-12718
-10481
-8086
-5099
-658
5272
9628
12275
14726
14956
12792
9218
5988
3684
130
-2685
-4921
-8119
-11160
-12987
-12040
-9553
-7039
-4145
672
5780
8256
10395
13223
14397
12695
9367
6563
3509
-517
-4444
-7032
-8813
-11593
-13282
-12307
-9980
-7412
-3998
1015
5460
7682
9216
11537
12518
11347
9741
7720
4894
823
-3393
-6210
-8898
-11983
-14097
-13973
-11517
-8689
-5744
-496
4519
7360
10525
13270
15217
15009
12202
10127
7396
1851
-3603
-6617
-9186
-12081
-13242
-12313
-10323
-7878
-4893
3
4863
7575
9188
11124
12535
11975
10302
7527
4867
388
-4040
-6093
-9131
-11744
-13694
-12734
-9960
-7937
-3754
1022
5209
7618
8872
10486
11516
11494
9322
6743
4735
932
-3828
-6246
-8066
-11464
-12417
-10617
-8944
-6576
-3803
663
6086
9397
12038
14403
15287
13393
10563
8505
4887
-729
-5455
-7997
-10483
-12956
-14195
-13094
-10519
-8635
-5463
-677
3506
6505
8451
11342
13686
12428
10117
7968
4992
830
-3429
-5952
-8189
-10933
-12510
-11530
-9216
-6806
-3707
716
4762
6942
8761
11596
13742
12665
10232
8489
5794
1081
-3115
-5462
-8310
-11658
-13123
-12037
-9524
-6968
-3520
1595
5888
8335
10713
12214
12868
11666
8364
6652
4621
-291
-5353
-7705
-8844
-11848
-13676
-12773
-11277
-9223
-6116
-1064
4612
8059
9274
11198
12257
10250
8071
6589
4207
-173
-4889
-7017
-8961
-11692
-12248
-10720
-8451
-6125
-3502
188
3245
5385
7986
10291
11952
10276
6851
5302
3306
-172
-4297
-7199
-9448
-12430
-13295
-11738
-9679
-7561
-4808
-355
4428
7946
10666
13506
14828
12264
8275
5793
3185
-371
-3911
-6226
-7381
-10131
-12109
-10832
-8738
-6372
-3068
1586
6008
7929
9246
11361
12809
12147
9489
7128
3996
-571
-4535
-7501
-9388
-11554
-12634
-11834
-10522
-8254
-5774
-1404
4015
6460
8170
10863
11968
11342
9231
6851
4881
613
-4276
-6998
-9318
-11705
-12100
-9928
-6642
-4596
-3225
411
4985
8094
11454
14699
15402
13449
10051
7698
4902
-89
-3875
-6067
-7994
-10120
-12687
-12608
-10285
-8474
-4657
1358
6002
8968
10429
11665
13243
12201
9226
7120
4560
435
-4118
-7603
-10014
-13340
-15401
-14666
-12138
-8872
-4685
1221
6237
9876
12998
15359
15971
14046
11364
8745
5293
95
-4853
-7781
-10447
-12813
-13549
-11459
-8064
-5971
-3369
851
4005
6233
8099
9477
11182
10187
7238
5312
2521
-2112
-6224
-8458
-10493
-12886
-14361
-13311
-10220
-7588
-4187
902
5512
8612
10053
12435
13305
10258
7854
6276
4190
350
-3691
-5795
-8138
-10771
-12954
-12727
-10320
-8641
-5601
-130
4373
6779
8681
10793
11999
11501
9746
7791
5668
790
-4999
-7664
-9626
-11996
-12821
-11579
-9049
-7659
-5322
-382
4268
7680
10063
11942
12369
10210
7288
5637
3828
172
-3897
-6908
-9350
-12069
-13147
-10992
-8738
-7571
-4723
116
4857
7707
9175
10976
11975
10363
7729
5391
2985
-1254
-6396
-9467
-11357
-14024
-15525
-13146
-9996
-6761
-2401
2369
7011
9256
10269
12288
13502
12628
10738
8479
5698
1058
-4079
-7927
-11697
-14670
-14851
-12151
-9804
-8475
-5416
-717
4386
8303
10732
13005
14076
12882
10766
8967
6173
359
-6537
-10753
-12176
-13382
-14299
-12993
-10955
-9302
-5600
174
5778
10013
12630
14973
16341
15042
11867
8037
3864
-1559
-5994
-8038
-10264
-13234
-14622
-13475
-10362
-6856
-4175
191
4265
6104
8321
11070
13090
12964
10668
8731
6664
2286
-2043
-5133
-7534
-10185
-12531
-12124
-10382
-8478
-5624
-574
4524
6644
8450
11046
12168
10971
9170
7470
4936
794
-3503
-6075
-9052
-12146
-14240
-13944
-10984
-9152
-6663
-1319
3713
6840
9483
11671
12848
12318
10347
8209
5024
805
-3748
-8072
-11371
-14032
-14986
-12346
-9048
-6969
-4938
-1151
3477
5766
7870
10585
12248
12073
10197
8429
5310
213
-4743
-7964
-9739
-12559
-14525
-12708
-9327
-7653
-5815
-1010
4405
7708
10680
13955
14658
12667
9882
7403
4660
200
-4840
-7524
-9313
-11562
-12033
-11156
-9038
-6491
-4044
953
6077
8928
11534
14346
15197
13394
10702
8145
4761
-80
-4263
-6735
-8623
-11547
-14300
-13298
-10346
-8483
-6158
-2241
1801
5196
8252
11285
13593
12416
9453
7909
5493
332
-4205
-6936
-9346
-11093
-11991
-10481
-7582
-6233
-3855
1381
5544
7658
9952
12372
13404
12191
9058
5621
1820
-3589
-7699
-9629
-11946
-14445
-15529
-13218
-9023
-6331
-4022
-65
4285
6933
8749
11118
12561
11196
8793
7644
5383
274
-4767
-7946
-10386
-12665
-14095
-13306
-10874
-8825
-5697
-226
4172
6213
8264
11311
13849
12642
9267
6708
3421
-546
-4582
-6883
-7873
-9682
-10671
-10544
-9450
-7574
-5321
-1255
3810
6342
8786
12121
13654
12754
10329
8556
5388
566
-3770
-7186
-9451
-11747
-13428
-12362
-10400
-8481
-4967
-415
3702
6547
9565
12392
12787
10936
8481
6618
3231
-2111
-6749
-9552
-11195
-12914
-14111
-13461
-11866
-9685
-6679
-2159
3127
6651
9627
13066
15009
13880
11294
8640
5053
-512
-5857
-8940
-10873
-12564
-13162
-11734
-10033
-8577
-6334
-1304
3667
5944
8222
11163
13278
12630
10593
8990
6054
432
-5063
-7701
-9516
-11595
-11700
-10147
-8970
-8008
-5847
-1589
3425
6413
9012
12152
12531
10724
8214
5485
3033
-1220
-5602
-7706
-9747
-12302
-14232
-13873
-11982
-10639
-7157
-1065
4422
8269
10619
12714
13552
11979
9380
7596
5655
862
-5130
-9264
-11948
-14499
-14633
-12065
-8582
-4955
-2145
2257
7805
10222
11740
13864
14290
12994
10344
7599
4864
1434
-2631
-5795
-8880
-12882
-14707
-13017
-9636
-7131
-4365
-109
4301
7514
10158
12856
13434
11481
8360
5764
3224
-1245
-6120
-9035
-10536
-12853
-13895
-11708
-8922
-6238
-3647
-712
3295
6739
9346
12388
14067
11850
8581
7291
4308
-1086
-5448
-8552
-10119
-11173
-12323
-11078
-9125
-8163
-5560
-995
3548
6606
8470
10690
12486
11211
9131
7417
4672
914
-3216
-5580
-8489
-12132
-14148
-12975
-8972
-6221
-3559
968
5196
8132
10236
13042
14408
12031
9539
7816
5121
1105
-2818
-5861
-8742
-11539
-13322
-12538
-10019
-7929
-5614
-1139
3395
6651
9760
12121
13338
12552
9392
6557
3779
-980
-5304
-7807
-9326
-10422
-11153
-9837
-8226
-7891
-5968
-1872
3057
5927
7472
9947
11431
10601
8239
6449
3681
-943
-5176
-8094
-10739
-13315
-13956
-12676
-9694
-6950
-3902
992
5966
9165
10736
12688
12971
11245
9710
8080
4871
42
-4813
-8001
-9447
-11054
-11932
-9833
-6602
-3934
-1651
1789
6131
8112
10016
13025
13975
11989
9474
7679
4502
-163
-4525
-6976
-8225
-10843
-12936
-11838
-9821
-8485
-5352
-377
4811
9120
11340
13276
13929
11780
8774
6503
3464
-1266
-5402
-8609
-10527
-12165
-13981
-12883
-10772
-9475
-6443
-1791
2720
6606
10400
13430
14732
13166
10166
8318
5425
481
-4663
-7901
-9621
-11721
-12518
-10713
-8359
-7471
-5661
-1398
3263
6033
7956
11056
12239
10863
9079
7365
4794
84
-4269
-6670
-9536
-13096
-15037
-12829
-8603
-6188
-3870
125
4698
8088
10736
13449
15475
14760
11810
9132
5362
-494
-6153
-9150
-10878
-12422
-12881
-11188
-8441
-7268
-5636
-1543
2689
5486
7359
9634
11521
10996
9667
8182
5192
650
-4327
-8210
-10301
-12827
-14664
-12448
-9586
-7656
-4085
-222
2724
4783
6881
10500
13402
13026
9703
6375
2920
-2191
-6318
-8713
-10999
-12996
-13722
-12172
-8847
-6750
-3974
1186
5032
7982
10565
13429
15869
14933
12498
9946
6213
1295
-3540
-6657
-9090
-11483
-11696
-10296
-8369
-6226
-3911
245
3954
5754
7869
9742
11075
10487
8461
7330
4985
492
-3662
-5893
-7924
-9800
-10696
-10263
-8046
-5544
-3072
982
4972
6266
8146
11094
12809
12032
8328
5617
3027
-1425
-5128
-8772
-11583
-13596
-14534
-11979
-9096
-6781
-3821
926
6013
8043
9501
11787
13470
13221
11327
9426
6184
456
-5480
-8991
-11503
-14735
-15961
-14131
-10578
-7636
-5041
-543
3426
5585
7533
9648
11018
10549
8214
5608
2900
-1691
-5698
-7169
-9216
-11531
-12894
-12818
-10827
-8939
-5809
-1029
3613
7272
9233
11609
13542
12585
10669
8864
5969
1374
-3045
-5652
-8054
-10955
-12497
-11332
-9109
-6998
-3324
2214
7200
9816
11732
14013
15410
14219
10096
6818
3506
-1489
-5695
-8406
-9561
-10933
-11064
-9181
-6799
-4543
-3037
322
4971
7553
9758
13212
14982
14178
11233
7847
4448
-966
-5650
-8549
-10864
-12488
-13248
-11702
-8934
-6170
-2148
2351
6261
8377
9038
10997
11968
10854
8779
5579
2613
-1514
-5779
-7115
-7983
-9905
-11497
-10880
-9122
-8381
-5642
-572
4368
8188
10547
12394
12303
9757
7089
5022
3189
-1050
-5932
-8360
-10558
-12870
-14145
-12301
-9377
-7203
-3705
1297
6382
8739
9713
11240
11744
9998
7558
5537
2995
155
-2353
-4432
-6625
-9383
-11787
-11911
-10127
-8191
-4931
789
6545
9847
11694
13739
14480
12715
10181
8522
6044
1378
-3003
-6386
-9485
-11581
-11981
-9864
-7241
-5989
-4142
-396
4660
7773
9179
12235
13265
11426
9672
7870
4212
-2097
-8128
-11856
-13747
-15537
-16400
-14452
-12084
-10089
-6482
-1349
3728
6883
8897
11374
12370
10802
8481
6424
3912
-464
-5704
-9422
-11853
-14870
-16484
-14451
-10779
-7191
-3552
1235
5297
6757
8411
10847
11913
11031
8420
5736
2541
-1871
-5559
-7832
-9406
-11726
-13743
-13433
-11446
-9346
-5741
248
5681
8679
10176
12020
12965
11366
9037
7667
5515
928
-3966
-7518
-10035
-12686
-14460
-13007
-10596
-9074
-6201
-1050
4096
7124
8872
10545
11792
10962
9380
8863
6681
1976
-3230
-6622
-8972
-11711
-12383
-10107
-7264
-5345
-3376
947
5358
7548
9505
11587
13563
12919
10258
8463
4825
-552
-4818
-7231
-8834
-11031
-12222
-10351
-7048
-4877
-2061
2686
6526
7803
8365
10126
11832
11559
10045
8200
5060
-232
-5735
-8060
-9697
-11560
-11675
-10584
-7606
-5024
-2436
1604
5122
7322
8359
10135
11666
10594
8548
7081
4831
242
-4632
-7794
-11036
-14916
-16476
-14630
-11400
-8392
-4795
109
4447
7167
9313
11697
12161
9976
7613
5792
3692
835
-2678
-5586
-8169
-11265
-13181
-12171
-9167
-6643
-3672
1189
5876
8882
10966
12982
13964
12471
10030
7797
4275
-184
-4169
-7591
-10291
-12852
-14544
-13910
-11433
-8501
-4950
884
6214
9018
10456
12066
13458
12464
10470
8105
4750
85
-4696
-7346
-9385
-12222
-13520
-12179
-9721
-7909
-6005
-2092
2627
5002
7322
10875
11751
10584
8882
6913
3885
-1070
-6294
-9423
-10579
-12165
-13459
-12095
-9171
-7145
-4471
527
5492
8925
11270
13293
14056
12725
10178
7505
4610
-329
-5475
-8110
-10624
-14311
-15560
-13189
-10246
-7792
-4352
758
5666
8332
10346
13536
15420
13549
9653
7048
5232
981
-3826
-6619
-9191
-11946
-13226
-12845
-11537
-9425
-6321
-1943
3215
6637
8435
10742
11865
10394
7980
6317
4152
-39
-4151
-6523
-8627
-10967
-12492
-11766
-9326
-6792
-3797
599
5239
7337
8901
11492
13063
12868
11216
8946
5563
575
-4174
-6899
-8946
-11137
-12246
-11923
-10398
-8764
-5948
-1239
3563
7309
9575
11965
13405
11802
9200
7239
4394
-135
-4794
-8090
-10293
-12277
-13146
-11500
-8731
-6955
-3784
1701
6603
9299
10335
11735
13040
11919
10526
9751
6636
1592
-3780
-7235
-8684
-11171
-12720
-11548
-9647
-7484
-4593
-86
4535
6861
9192
12342
14922
15139
11987
8544
4412
-1390
-6108
-8345
-10015
-12316
-13116
-11101
-8579
-7292
-4836
-362
3911
6084
7697
11152
13032
11239
8824
7091
4691
941
-3763
-7081
-8829
-11927
-13232
-11700
-9765
-7752
-4877
269
4428
7154
9740
12010
12729
10455
7330
4535
2024
-1711
-6044
-8856
-11536
-13986
-14808
-12891
-9781
-7977
-4665
496
4907
7580
9299
12117
14915
14713
11866
8545
4328
-991
-5058
-7292
-9092
-11504
-13601
-12951
-10563
-9048
-6698
-1584
3369
6211
8415
11263
13266
12669
10427
8014
4128
-1068
-5036
-6915
-7823
-10319
-12405
-11755
-9158
-5797
-2359
2571
7119
8725
9835
12170
13714
13050
11035
8466
5526
1098
-3552
-6430
-9201
-12041
-13861
-13062
-10928
-9108
-5296
-358
4811
8519
10739
13599
15092
13887
10398
7228
4773
677
-4249
-7487
-10611
-13574
-14381
-12847
-9954
-7751
-4819
-569
4474
8254
10336
13660
15080
12519
9651
7046
3949
-37
-4264
-6931
-8630
-10695
-12133
-11143
-8595
-6530
-4307
-247
4304
6818
9164
12471
13507
11653
9198
7282
4881
960
-4084
-8444
-11975
-15275
-16330
-13879
-10169
-7255
-4193
750
5408
7424
8964
11009
12683
12541
10162
7777
5526
484
-4552
-7116
-9081
-11337
-13475
-12707
-10325
-7484
-3547
1556
5894
7000
8186
11175
13367
13130
11325
8825
5343
589
-4712
-7807
-9450
-11346
-11478
-10051
-7921
-6477
-4732
-730
3048
5633
8252
11822
14127
12819
9574
5999
1614
-3342
-7153
-8364
-8554
-10523
-11920
-10959
-9872
-8771
-6152
-690
4917
8011
10574
12892
14022
12698
9612
7435
5024
730
-3283
-6066
-8454
-10757
-11827
-10377
-8226
-6433
-3454
1163
5092
7740
10162
13095
14952
13205
10193
8434
5786
594
-4119
-7248
-9295
-10737
-12782
-12684
-10523
-8524
-4977
506
5449
7899
10164
12830
13160
11661
8455
5749
3347
-1046
-5167
-7704
-9094
-11456
-13117
-11585
-8884
-6781
-4055
-215
3467
6094
8373
12316
15067
14196
12266
10235
6688
1807
-3399
-6800
-8726
-11430
-12576
-11193
-8663
-6089
-3496
931
5986
7521
7669
9987
11182
10962
10367
8717
6443
2086
-3832
-7598
-10261
-13422
-14242
-12239
-9294
-7222
-4922
-427
4783
7858
9558
11964
13155
12071
9835
7553
4210
-954
-5564
-8243
-10090
-12427
-12817
-9913
-6832
-5370
-3578
371
4340
7178
9702
11844
13031
11595
8880
7099
4566
-287
-5485
-8374
-10641
-13212
-14023
-12329
-9455
-7297
-5187
-688
3965
6858
9794
12409
14348
13864
11832
9753
5641
-57
-5380
-8931
-10666
-12852
-14930
-13975
-11821
-9999
-6907
-1872
3136
5807
7599
9622
11136
11268
9711
8516
6352
1041
-4682
-7711
-9832
-12180
-12946
-11181
-8577
-7842
-6176
-1786
2891
6225
9674
13610
15630
14673
11414
8034
4661
-405
-5486
-8064
-10354
-13202
-14187
-13182
-11190
-9634
-7034
-2004
3186
6870
9196
11010
11444
10408
8486
7010
5528
1359
-2913
-5328
-8492
-12110
-13296
-11405
-8868
-7712
-5797
-1497
2510
5510
8702
11850
13662
13055
11141
8865
6048
1038
-4917
-7817
-9448
-11592
-12394
-11630
-10130
-8363
-5227
-1131
3209
6239
7000
9514
11445
10606
9330
8366
6837
1684
-3884
-7184
-9973
-12751
-14516
-12904
-10418
-8682
-5698
-1562
3017
6077
8395
10759
12230
11740
9165
7280
5089
405
-4331
-7353
-9854
-12349
-13834
-12771
-11080
-10073
-6760
-2135
1644
4582
7424
10827
12570
11257
8056
5085
2099
-2562
-7100
-9677
-11808
-14144
-15730
-14753
-12142
-9843
-6051
-111
5062
7492
9584
12626
14458
13277
11135
8714
5030
141
-5009
-7799
-9428
-11717
-12824
-11411
-9199
-6787
-3695
735
5453
7586
8408
10101
10992
9718
7376
5958
4151
-397
-4568
-6502
-7792
-9844
-11314
-10267
-7958
-5811
-3582
670
5376
8817
12097
14743
16074
15497
13278
10441
6954
1951
-2426
-5400
-8557
-12188
-14622
-13570
-11006
-8889
-5773
-437
4825
7686
8993
10216
10826
9403
7473
6247
4217
192
-3834
-6237
-8841
-11688
-13231
-11259
-7064
-4395
-2065
1572
5042
7211
9804
13257
15124
14216
11558
9308
6553
1197
-3773
-6085
-8121
-11239
-13517
-13000
-11434
-9477
-5904
-529
4934
8162
10381
13035
13856
11620
9467
7774
4724
149
-4640
-7996
-10868
-13678
-14034
-12468
-10452
-8511
-5618
-515
3653
6310
8783
11523
12778
11347
8772
6318
3222
-1541
-5714
-8456
-9959
-11523
-12866
-11671
-9380
-6763
-3255
1747
7283
9648
10478
11321
10917
10009
8915
7729
5183
776
-3691
-7300
-9902
-12326
-14065
-12543
-9346
-6331
-3127
1320
6254
9202
11073
13444
14865
13340
10688
8157
4234
-740
-5093
-8001
-10181
-12419
-13226
-11587
-9331
-7989
-5662
-1768
2052
4999
7400
9876
11354
10617
8660
6989
4299
308
-3889
-6866
-8918
-11824
-13517
-11931
-9191
-7007
-4394
-536
3494
6567
8880
11205
13141
11836
8894
7737
5978
1006
-4377
-7676
-10333
-12900
-14292
-13508
-10749
-7816
-4838
-242
4641
6704
7903
11110
12287
10456
8306
5999
3260
-470
-4109
-6277
-8441
-12099
-14347
-13012
-10659
-8210
-4307
604
5487
8696
10611
12515
12775
11254
8543
6006
3357
-992
-4978
-7401
-8689
-9649
-10407
-9703
-7972
-6482
-3705
1588
6134
7792
8355
9352
10542
10139
8644
6767
3825
-94
-4263
-6985
-9267
-12885
-15005
-13307
-10883
-9146
-6813
-2805
2243
5864
8893
11954
13831
12872
9738
7069
3739
-578
-4653
-7696
-9870
-13051
-15226
-13716
-10875
-8415
-4770
-97
4516
7672
9585
12562
14754
14511
12572
10079
6378
861
-4202
-7635
-9329
-11178
-12894
-10991
-8271
-7198
-4711
-300
3837
6181
8161
11160
13204
12659
10924
8749
5272
85
-5591
-9284
-11254
-13337
-14523
-13018
-10930
-9750
-7244
-2811
1542
3893
5796
9205
12280
12725
10826
9036
5955
585
-4017
-6765
-9082
-11801
-13034
-11815
-9885
-8325
-6265
-1722
3809
7313
9939
12457
13873
12896
11183
9618
6284
1266
-3676
-6812
-9632
-13329
-15797
-14798
-11520
-8249
-4172
1064
5581
8222
9869
11887
13706
13184
10875
8351
4676
-387
-5465
-8717
-11444
-14120
-14595
-12786
-10265
-8387
-5578
-1172
3426
6408
8746
11963
14083
13533
10648
7476
3625
-1214
-4838
-7060
-8601
-10705
-12544
-11785
-10123
-8728
-6221
-2121
2412
5202
7778
11228
12758
11590
8762
6922
5421
1672
-2158
-4145
-6981
-10328
-11396
-10761
-8374
-6279
-4109
-502
3716
6887
8923
12263
13796
12879
11099
8078
5289
1371
-4024
-7122
-9589
-13161
-14621
-14258
-12585
-10146
-6480
265
5911
8112
10009
11853
12493
11256
8512
6125
3529
-111
-4141
-6826
-8393
-10654
-11497
-9992
-7911
-6081
-3770
-185
4217
7979
10567
13048
13755
10960
7805
7069
6060
3128
-357
-4126
-7358
-10158
-11956
-10900
-9119
-8256
-6253
-2111
2868
6367
8585
11091
12501
11680
9289
7414
4910
8
-4349
-7053
-8649
-10419
-11303
-9980
-8997
-8051
-5776
-1576
3465
6596
8988
12150
14147
13298
11322
9154
5701
1380
-2812
-6021
-8294
-10843
-12616
-11289
-9353
-7641
-5268
-844
4754
7028
8669
10891
12148
12179
10727
9219
6987
2289
-2826
-6227
-9418
-13093
-14771
-12447
-9407
-7111
-4313
-486
4073
6591
8563
11254
12215
11712
9970
8075
6350
2782
-2024
-4833
-6475
-9765
-11402
-10586
-8486
-5757
-3731
266
4758
7220
9669
12073
13130
12020
10229
9342
7659
3620
-1613
-5755
-8725
-11739
-13707
-12662
-10153
-7844
-5252
-1416
3259
6172
7968
10914
13103
11963
9482
7285
4068
-868
-6729
-10621
-12323
-13868
-14155
-12367
-9153
-6466
-3750
740
4430
6754
9129
12527
14795
12858
10213
8239
4293
-443
-4360
-7026
-9487
-12429
-13810
-12022
-8477
-6342
-3987
711
5034
7794
9822
11273
12053
11036
9252
8350
6324
1747
-4332
-8207
-9759
-11260
-10821
-8930
-7030
-5129
-3004
913
5322
7103
8148
10622
11398
10007
7815
5904
3902
-353
-4117
-6027
-8228
-10662
-12257
-11665
-9765
-7883
-4425
241
4634
7335
9163
12667
15114
14527
12287
9928
6518
581
-4216
-7308
-10404
-12576
-14045
-12545
-8510
-6102
-3463
617
4369
7707
9961
11681
13136
12136
9507
8025
5836
1186
-3332
-6736
-8571
-10176
-11802
-10281
-7403
-4823
-1774
2766
7542
10220
12320
14117
14303
12052
8397
5595
3232
-266
-4187
-6412
-8181
-10967
-12993
-12143
-9406
-7621
-4884
-265
3615
6387
9068
11865
13822
12881
9768
7733
5272
26
-5308
-8658
-11349
-13616
-14241
-12219
-9568
-8083
-5728
-1222
3450
6255
8219
10728
12293
11339
9184
7402
4005
-1687
-6171
-7929
-9005
-11331
-12872
-11834
-8777
-6230
-4313
-441
3985
7943
10797
12517
13624
12203
9661
7765
5048
713
-3861
-6721
-9573
-12948
-14535
-13304
-10081
-7089
-4141
-34
4079
7016
9557
11791
12659
11143
8704
7252
4699
400
-3544
-6251
-8234
-9981
-11091
-10065
-7980
-6631
-4394
416
5073
7041
8919
11998
14588
14358
12031
9586
6268
992
-4153
-6270
-7114
-9325
-11635
-11692
-10169
-8251
-4946
173
4153
6593
8700
10808
12700
11221
7959
5906
3430
-633
-4955
-7695
-9842
-11960
-12657
-11538
-9303
-8149
-6458
-2189
2238
5284
8054
11445
13883
13983
11949
9297
5662
171
-4480
-7574
-10092
-11549
-12220
-10446
-7737
-7032
-5280
-1065
3289
6087
8770
11885
12686
10568
7798
6011
3659
-1234
-6713
-9424
-11239
-14256
-15201
-12847
-9520
-6867
-3984
-136
4070
7803
10403
12819
13907
12064
9278
6961
4763
1020
-3809
-7003
-9134
-11504
-13232
-12308
-9483
-7193
-4245
641
5322
7739
9361
11305
12423
10998
7628
5942
4869
1585
-2638
-6285
-9240
-12565
-14464
-12282
-9159
-6965
-4128
-107
4310
7332
9404
12452
14190
11820
7483
4259
1974
-1995
-6050
-8059
-10179
-13018
-13943
-11152
-7916
-6234
-3910
166
4586
7459
9782
12354
13680
12386
9397
7181
4245
-959
-6367
-9772
-11898
-15405
-17183
-15354
-11796
-7456
-4065
417
4485
5850
7829
10208
11663
11802
10436
8742
5829
250
-5286
-8580
-10447
-12279
-13647
-13105
-11699
-9929
-6454
-1582
2347
4838
7064
9861
11569
10509
8204
6094
3333
-860
-4443
-6756
-8701
-10732
-12344
-11058
-7657
-4903
-2074
1522
5009
7035
8452
10831
12549
12308
10261
7972
4390
-829
-5521
-8456
-10118
-12831
-14223
-12657
-9708
-6892
-3276
1247
5123
7735
9008
11800
13987
12858
9574
6815
3879
-690
-3853
-6086
-8076
-11519
-15142
-13673
-10286
-7984
-4884
-1423
2900
7171
10286
13040
14319
13433
10571
7337
4141
-639
-4811
-7283
-10009
-13074
-15398
-14017
-10765
-8333
-4608
63
4246
7308
9892
12305
13412
12520
10224
7877
4736
530
-3295
-5927
-7333
-9529
-11605
-10429
-8332
-7014
-4575
-310
4154
6912
8902
11259
12721
11981
10045
8511
5930
1575
-3127
-6520
-8749
-11750
-13288
-11837
-8068
-4184
-1478
2500
6582
9386
11215
12695
13932
12179
9093
6974
3904
-485
-4959
-7893
-9600
-11217
-12221
-10801
-7932
-6205
-3918
371
5054
7997
9796
11743
12040
10235
8545
7277
4806
929
-4220
-8876
-11763
-14560
-15711
-13431
-10092
-7464
-4719
-63
5100
7795
10091
12535
12920
11206
8880
7662
4930
-156
-4747
-8299
-11033
-14890
-16556
-13672
-10592
-7834
-5100
-840
3473
5762
9223
12371
13380
12058
8554
5841
2836
-1790
-6020
-8633
-10928
-13928
-15457
-13867
-10328
-6997
-3377
1609
5948
8922
10782
12855
14655
13251
10696
8550
5664
815
-4611
-7258
-8627
-10938
-12761
-11901
-9452
-7581
-4074
1322
6619
10832
13771
16117
16682
14497
11463
9206
6367
2093
-2504
-5625
-7920
-10337
-11735
-10322
-7464
-5791
-4301
-1019
3699
7216
9683
11919
12468
10387
7586
6036
3538
-819
-4867
-7479
-8558
-10454
-11535
-9539
-6866
-4878
-2612
1107
4429
5915
7174
9219
10584
10247
8052
6192
4181
507
-3448
-6978
-9503
-12761
-14874
-12547
-9590
-7986
-5619
-2027
2087
5345
8178
11700
13616
12467
9398
6340
3663
-304
-4591
-7749
-10306
-12665
-13488
-11908
-9540
-7569
-4952
-794
3808
6458
8750
12057
13232
11912
9238
6006
2771
-896
-4476
-6837
-9090
-12127
-13083
-11267
-9592
-8384
-6114
-2106
2461
6178
8994
11776
13518
11841
9063
6775
3758
-923
-6011
-8869
-10804
-11819
-11993
-11180
-8444
-6179
-3520
869
4771
6449
7753
10879
12788
11411
8552
6158
3499
-245
-4290
-7228
-7544
-8280
-9676
-8856
-7570
-6737
-4118
-79
4518
8489
11633
14857
16212
14318
10353
7687
4943
284
-4565
-7848
-9052
-11552
-12808
-10576
-8034
-5197
-3016
570
5076
7254
9986
13617
14983
13325
10886
8653
5963
2321
-2037
-5185
-7266
-9579
-10453
-9062
-7661
-7147
-5525
-1735
2641
5932
8228
10220
11559
11121
9045
7800
5783
786
-3974
-6705
-9266
-12751
-14477
-12190
-8118
-5386
-3005
1263
4744
6287
8001
10054
11328
9787
6510
4706
2883
-1234
-5349
-8080
-10267
-13087
-14589
-12605
-9395
-6584
-2930
1284
4887
7325
8907
11117
12132
10923
8473
6803
5271
924
-3813
-6942
-9678
-12348
-13075
-10746
-7086
-4338
-2116
1585
5327
7942
10121
12529
14226
12744
10018
7964
4765
-270
-5718
-8646
-10006
-12146
-13119
-12261
-9737
-6504
-3337
1593
6455
8964
10319
11710
12444
10930
8123
4986
1215
-3166
-7332
-9261
-10225
-12296
-13373
-12886
-10840
-7356
-4391
-659
3414
5830
8611
12132
13859
12611
10144
8512
5974
820
-4612
-8781
-12606
-15701
-16159
-13886
-10797
-7485
-4312
-607
3893
6557
8521
11248
13085
12252
9558
7281
3672
-1392
-5802
-7662
-7960
-10204
-11447
-10595
-9760
-7781
-5108
-1119
3723
7150
9687
12310
12938
10809
8562
5973
3270
139
-3381
-5013
-6362
-8920
-11000
-10965
-9661
-8130
-4933
-209
4707
8008
9032
10556
11328
9497
7804
6634
3885
-561
-5063
-8118
-10486
-13270
-14375
-12033
-8936
-7052
-4314
-490
3328
6573
9739
13182
14854
13540
10396
8091
5241
445
-4346
-7536
-9215
-11463
-12570
-10496
-8089
-6706
-4538
-1036
2799
5606
8439
11659
13149
11671
8403
5574
2367
-2555
-7432
-10019
-11484
-13282
-13765
-11647
-8464
-5293
-2157
1391
5072
7226
9305
12331
13163
11546
8852
6400
5020
1602
-2151
-4005
-6892
-10577
-12362
-11322
-9352
-6948
-3274
1402
5935
8563
10327
12772
14377
13088
10403
8162
5330
396
-4836
-8152
-10593
-13270
-13912
-11620
-9483
-7181
-4692
-1132
3689
7189
10970
14468
15072
13369
10321
7404
4550
-492
-5550
-8342
-11478
-14134
-15070
-13698
-9934
-7725
-5201
-71
4813
8138
10411
13549
15542
13738
10907
8542
5904
1725
-3171
-6232
-8687
-11962
-13374
-11863
-10161
-8436
-4949
709
6220
8757
10822
13537
13615
11606
8850
6054
3559
-707
-5363
-7436
-9656
-12370
-12813
-12248
-10508
-8323
-5536
-1377
3356
6851
8569
11403
12636
11077
9468
7710
4599
-446
-5417
-8681
-10894
-13227
-14481
-13312
-10374
-7842
-5215
180
5500
8453
10808
13020
13971
12386
8301
5243
2973
-1501
-5883
-8949
-11646
-14036
-14633
-12527
-10152
-8284
-5011
-344
3532
6668
9764
12540
14448
13002
9346
6811
4208
-57
-4495
-7071
-8219
-10608
-12739
-11832
-10233
-8191
-4926
-559
4732
8548
10530
12542
13555
12090
10299
8151
4931
831
-4083
-7146
-9549
-12543
-13244
-11956
-9560
-7722
-5526
-431
3951
6893
10592
13121
14493
14039
10501
7940
5278
565
-3791
-7136
-9939
-11844
-12291
-10832
-7731
-5674
-3519
14
3822
6072
8054
11856
14007
13424
11446
9440
6361
1545
-2315
-5231
-7921
-10738
-13133
-12747
-10616
-8323
-4984
-96
4449
6883
8429
10695
12204
11467
10123
8502
4704
-1037
-6480
-9951
-11703
-13772
-14868
-12976
-10458
-8110
-4716
-232
4951
7595
8756
11546
13393
12637
11083
9520
6383
1795
-3152
-7089
-9627
-11709
-13139
-12262
-9946
-9049
-6756
-1237
3491
6315
8685
11467
12752
11229
9407
7515
4310
-265
-4266
-7036
-9336
-11347
-12643
-11112
-7797
-4916
-2237
1293
5121
6752
7946
10570
12638
12670
9981
6967
4014
-1007
-6045
-8999
-10448
-12587
-14008
-12206
-9623
-6975
-3492
421
4854
7858
9757
13140
14572
12139
8921
6322
4298
918
-3822
-7365
-9650
-12014
-13175
-11151
-8898
-7437
-4605
461
6300
9253
10775
12442
12592
11786
10086
8105
5472
-181
-5755
-8703
-10622
-11944
-12021
-10444
-7995
-6245
-3653
1065
4837
6803
8423
11176
13120
11651
9356
7113
3057
-2320
-7045
-9524
-10512
-11479
-12597
-12947
-11541
-9187
-5386
-49
3959
6429
8461
11143
13383
12538
9990
7920
5495
299
-4577
-7181
-9912
-12715
-14434
-13862
-12197
-10581
-7654
-3063
2135
5716
7529
9540
11239
10720
8527
6672
4040
-1214
-6084
-8555
-10356
-11432
-11470
-9542
-6969
-6181
-4814
-904
3466
6699
9924
13560
15411
13792
10803
7630
3463
-1535
-6170
-8945
-11677
-14189
-14274
-12675
-10064
-7560
-4939
-265
4628
7780
10690
13235
14773
12948
8509
6111
3909
-313
-4606
-8233
-11338
-13305
-14543
-13301
-10218
-8067
-4961
55
4849
7768
10147
11905
12112
11335
9486
7980
5971
1210
-3784
-6942
-9169
-11337
-13241
-12077
-8820
-6408
-2962
1855
5991
8357
10615
13839
15426
13741
11509
9709
6139
679
-4842
-7889
-9629
-11689
-12698
-11630
-9438
-7552
-5844
-3236
1277
5343
8783
12914
14254
12516
10137
7898
4926
396
-4184
-7112
-8536
-10513
-12469
-11773
-9213
-6523
-2916
1625
5877
8489
10066
12519
13783
11591
8759
6919
3638
-1055
-5456
-7972
-9725
-12582
-14077
-13575
-12002
-9887
-6526
-1107
3979
7093
9139
11488
12826
11310
8718
6182
3086
-1186
-5758
-8181
-10046
-11878
-11715
-10190
-9251
-8487
-5795
-656
5331
8731
11662
14771
15191
13991
11251
8556
6076
935
-4396
-6379
-7624
-9955
-12071
-11802
-9793
-9010
-6254
-849
3014
6206
8856
11320
13557
12493
9895
7860
5266
575
-3691
-6922
-10548
-12910
-13787
-12511
-10727
-9446
-6544
-1960
2761
6344
8783
11369
13453
12896
11104
9046
5202
133
-4129
-6865
-9461
-12720
-14548
-13448
-10229
-6819
-3310
1603
6130
8414
9671
12108
13802
12314
9527
6765
3512
-427
-3475
-5191
-6744
-9265
-11417
-11346
-10330
-9335
-6576
-753
5135
9030
11986
14400
15131
13382
10224
7474
4628
352
-4336
-7686
-10486
-13620
-15015
-12631
-9122
-6858
-3385
1379
6440
9666
11179
12559
12148
10766
9054
7250
4546
370
-3993
-6322
-7792
-11388
-13422
-11455
-9092
-7651
-4858
-1002
3237
6468
7831
9684
11394
10373
8415
7524
5211
620
-4294
-7755
-9827
-12822
-14679
-12984
-10178
-7799
-5317
-832
4365
7712
10073
12346
13036
10834
8816
8570
7249
2559
-3106
-6513
-8687
-10925
-12615
-12261
-9321
-6030
-2486
2720
7295
9368
10170
12240
14162
12996
10490
8377
5300
587
-4678
-8819
-12158
-15401
-16318
-14378
-10944
-7425
-3575
1546
5865
8083
9806
11403
12001
11066
8840
7002
4381
170
-3881
-7032
-9429
-12066
-13884
-12898
-10373
-8101
-4598
840
6333
10195
11301
11893
11713
8819
6433
5578
3463
-489
-4157
-6919
-9211
-11910
-13344
-11824
-9912
-8042
-5021
-6
5036
7330
9249
12229
14272
13210
9978
6768
2599
-2036
-6128
-9003
-10780
-12682
-12791
-10763
-7696
-6115
-4613
213
4267
6353
8577
11408
13086
11792
9173
7330
4941
527
-3999
-7445
-9932
-12663
-14159
-12715
-10740
-8483
-4544
650
4848
7116
9074
11747
13526
12266
9732
7531
4164
-732
-4808
-6358
-8162
-11025
-12496
-11613
-8062
-5587
-4351
-954
3024
6235
8934
12035
14040
12293
9782
7612
4455
139
-5136
-7321
-8184
-10138
-10730
-9713
-7979
-7084
-4945
-274
4095
7039
9057
11248
13114
11513
8798
7063
3954
178
-3864
-6923
-9311
-12002
-13083
-11651
-9509
-7721
-4497
418
5483
8220
10021
13099
14543
13219
10499
7833
5320
822
-4133
-7351
-9745
-12118
-12710
-9605
-6495
-5651
-4297
-661
5025
9709
12398
15297
16690
14797
11710
9330
6542
2605
-2269
-6033
-8541
-11617
-13060
-12003
-9041
-6578
-4254
879
6133
8942
10637
13125
14422
12455
9618
7162
3882
-621
-4766
-7337
-9837
-13360
-16124
-15152
-11501
-8296
-4560
411
5290
8438
9908
11641
12444
10647
8542
7003
4268
-683
-5314
-8143
-10950
-14132
-16322
-14891
-11540
-8100
-4672
-718
4314
7443
8968
11380
13148
12740
11686
10489
8179
3387
-1914
-5544
-8386
-11354
-13192
-11911
-9688
-7511
-4828
-334
4399
7043
8972
11480
13337
12000
8988
6390
3471
-994
-5135
-7785
-9716
-11676
-13145
-11846
-9419
-7820
-5039
-604
3826
7863
10450
12237
13451
11007
7460
6122
3628
-723
-4139
-7456
-9727
-11427
-12503
-10457
-8443
-6463
-3707
-189
4108
6683
8495
11211
13522
12774
10234
7091
2586
-2260
-7094
-9617
-10779
-13125
-13312
-11264
-8809
-5673
-2297
2258
6095
7864
9898
12254
13527
13120
11107
8726
5330
291
-4661
-8340
-11222
-14315
-15287
-14084
-12037
-9143
-5632
-533
4123
6668
8879
11597
13174
11918
8931
5933
2933
-1304
-5900
-7866
-9322
-12404
-13909
-12515
-9676
-7196
-4464
-232
4235
6775
8471
11954
14240
12110
8882
7047
4346
631
-3401
-6475
-8962
-12633
-13995
-12154
-10175
-8325
-5418
-378
4493
6950
8335
10416
12092
11015
8995
7665
4920
344
-3552
-6590
-9612
-12996
-14927
-13106
-10291
-7445
-3645
-219
3424
6301
7251
9277
11253
10096
7811
6131
3474
-985
-5303
-7774
-9265
-11074
-12125
-10999
-8897
-7798
-5156
33
4724
7854
9801
11970
13526
12164
9575
7942
5265
564
-3959
-6712
-9117
-11636
-13316
-13526
-11945
-10237
-7172
-1407
3760
6264
9089
12021
12554
11987
10783
9380
6624
780
-4697
-7679
-10115
-13485
-15377
-13727
-11076
-8428
-5398
-951
3431
6012
8631
10587
11336
10488
7873
6124
3746
-1116
-5193
-7399
-9262
-11622
-12922
-11488
-9127
-7160
-4041
5
3457
5476
6569
9444
11902
10996
8364
6073
3340
-1314
-5693
-7415
-9255
-12500
-13705
-12464
-10120
-8822
-7110
-2096
3435
7087
9838
12812
13498
11165
8311
5880
4065
-368
-5373
-7146
-8451
-9710
-10127
-9350
-7519
-6752
-5167
-924
3499
6549
8432
10948
12463
12093
10404
8015
5352
794
-3116
-5197
-7527
-10224
-12360
-12509
-10665
-8782
-5241
328
5102
8721
10765
12562
14321
13849
11800
9700
6418
516
-5484
-8950
-10954
-12800
-13091
-10884
-8268
-6070
-3650
329
5746
8520
9664
12171
12833
11163
8770
6234
4444
120
-5031
-8175
-10811
-13199
-14269
-12627
-9714
-6802
-3638
918
5180
6903
7807
9517
10649
9892
8052
6595
4736
357
-4478
-6727
-8118
-10442
-11733
-10746
-8926
-7410
-5539
-1727
3071
6493
9858
13389
14853
12745
9606
8136
6139
2136
-2493
-5300
-7788
-10277
-10608
-9428
-8326
-7755
-5611
-1487
2676
5494
8372
11055
11522
10197
8004
6295
3338
-1126
-5410
-8822
-10890
-13037
-13788
-11360
-8324
-7243
-5344
-1349
3027
6795
8977
11485
13750
13202
11020
8853
5781
1276
-3576
-7534
-10085
-12161
-12953
-11297
-9348
-8301
-6017
-1614
3021
5982
8280
11029
12714
11578
8331
6265
3976
-667
-5477
-8974
-10980
-13676
-15521
-14087
-11441
-9277
-6630
-1293
4200
7222
9399
11284
12186
11702
10150
9097
6530
1458
-3959
-8608
-11576
-14307
-15141
-12479
-9188
-6241
-3207
1156
6009
8174
9274
11208
11934
10691
8940
7648
4836
-270
-5352
-8013
-8994
-11233
-12181
-9895
-8317
-7451
-5423
-1413
3833
7016
9491
13465
15443
14030
11676
8184
4493
1199
-2772
-5635
-7950
-11325
-13335
-12742
-10715
-8938
-6779
-2126
3786
7702
10280
13579
14728
13474
11369
8864
6076
1320
-3854
-7378
-9545
-11767
-13110
-11596
-9191
-6845
-3950
-150
3765
6371
8233
10703
12382
11092
8789
7016
4468
-53
-4294
-6364
-8360
-10937
-12263
-10552
-7490
-5991
-3770
877
5109
8124
10703
13254
14675
13797
11467
8323
4851
398
-4152
-6876
-9241
-12887
-14874
-13305
-9996
-6307
-3171
484
3679
5156
7590
10514
12197
11519
8940
7254
4981
512
-4274
-7991
-10790
-13453
-14696
-13559
-11876
-10450
-7818
-3041
2217
6026
8596
11817
14135
12586
9273
6772
3838
-652
-4860
-7428
-8688
-10672
-11813
-9859
-7319
-5619
-3871
193
4898
7478
9470
12553
15198
14192
11161
8360
5025
1268
-2942
-6546
-9260
-12073
-13192
-11695
