-5938
10522
1850
-2990
10194
17409
12702
7331
7305
12932
-3246
-10322
-9004
336
-16106
-19909
-11015
-4010
-7078
-13451
-3052
15563
5175
5922
10943
23117
11034
4714
10261
16278
-4648
-11846
-3228
-7074
-11832
-23460
-17388
-4139
-3912
-9534
2060
10305
6758
7352
17613
24789
14965
9056
5376
10898
3195
-12387
-9033
-5726
-14881
-22886
-15052
-4220
-7806
-10220
3752
12242
8481
5010
1829
22753
10387
1259
8979
11475
-3940
-10621
-7280
-3950
-8888
-19848
-17127
848
-5885
-8166
-1750
8503
7560
5521
14888
20420
14254
1550
11287
8508
-4532
-15711
-4408
-757
-14227
-21542
-13523
-3458
-3841
-16206
-3832
9729
8348
4991
18125
22831
14824
2509
10655
10189
1336
-11314
-7505
-7160
-10714
-25509
-11057
-4105
-6800
-11408
-2993
7874
5750
3535
13413
19074
9078
4249
6760
12019
526
-8103
-4200
-5517
-12987
-17179
-16438
-5206
-13404
-12667
-1559
11903
9219
4056
15072
27560
12874
7196
4177
15688
-4891
-14487
-10827
-6201
-14397
-17235
-18518
-3895
-10085
-12946
-90
9328
5496
11167
9423
22356
14011
3598
7610
9352
1716
-11842
-5825
-3298
-12349
-25096
-17128
-3487
-6857
-13319
121
12471
2122
8752
14319
19017
15647
2927
4039
9375
-814
-14545
-3217
-4453
-15155
-18171
-15538
-5913
-3528
-9563
3412
9177
7951
3478
12762
21812
14036
6543
8186
7817
2520
-10321
-10228
-2074
-9946
-18796
-12796
-3145
-6954
-11499
1172
7324
8167
6892
13089
22238
15564
1232
5418
10728
4214
-14498
-5346
486
-10949
-22355
-14414
-6020
-8507
-10916
-907
12487
8857
-96
8958
19282
5945
11606
12758
11927
651
-7975
-10831
-2835
-19143
-20370
-16651
-3398
-5215
-16400
2845
13735
9190
677
16370
21524
10118
9806
10615
9390
-899
-9500
-9084
-5732
-15891
-20967
-13420
-6119
-9235
-12519
-4288
15836
9379
4307
14188
25279
13761
5743
7519
1656
79
-9400
-9896
105
-13953
-22946
-13234
-13456
-8068
-11522
1877
10673
11623
7104
14470
20309
14612
724
9114
12687
-2071
-7483
-6518
-1953
-16151
-20941
-15542
33
-12050
-8187
1561
10292
10779
5160
13675
19953
17435
5114
6869
11492
-39
-13981
-3826
-5976
-12446
-18685
-17722
-4065
-8958
-9694
-2035
10616
10511
7599
15869
20285
14472
4983
13437
7940
-320
-7772
-6372
-7105
-11398
-21377
-14677
-4757
-9095
-10241
523
13992
7403
3009
15375
20630
12667
2218
6585
8443
-1343
-19530
-4930
-5099
-10339
-18999
-11438
-6341
-1309
-11562
5100
14573
4945
2509
18518
22116
12497
7400
12377
11755
3176
-15437
-3812
-3084
-9301
-21402
-10535
-4148
-4479
-4685
-236
8099
7683
6553
16382
16267
19802
5463
11021
14085
3907
-14221
-6953
-7345
-15912
-21981
-17091
-8675
-11100
-16490
65
10071
7058
6990
15971
22286
17804
3529
8042
11887
-1527
-16275
-365
-2008
-17265
-19477
-8584
-3480
-5023
-11825
-1375
9755
8854
5749
10820
17450
14157
5670
6763
17133
-765
-10725
-9287
-3344
-16035
-21110
-15649
-10376
-10161
-7469
253
14812
7488
4171
15281
20832
12311
7097
9965
10415
183
-13283
-9705
-444
-13097
-26019
-16680
-269
-9095
-13185
1716
15850
7700
177
10502
24723
15187
5055
12632
14269
1801
-5687
-7377
-4955
-15911
-18709
-10399
-4929
-9589
-9030
895
12651
7560
4017
21388
18139
15743
5136
10142
10936
82
-12316
-12417
740
-15558
-20285
-12144
-2237
-12225
-11709
1707
12961
6501
5873
14818
19750
10960
3297
10204
11372
4046
-12528
-11684
-4625
-15451
-18506
-10483
-7702
-6314
-9029
4247
13477
6740
5048
12534
22477
16782
2530
2401
8334
725
-9789
-9748
-9789
-14253
-25042
-13235
-5077
-9315
-11659
6942
11997
15043
4140
12122
21249
13929
7177
7816
8122
-4661
-16134
-4468
-5992
-8068
-19668
-13151
-6481
-7458
-14449
1480
10890
6402
6021
13113
20192
16559
5346
8246
7582
-1735
-14495
-10891
-1905
-18047
-18198
-20465
-2867
-11600
-15338
1367
7041
11224
2498
12871
20063
13389
7147
9566
14081
2430
-12831
-2190
-888
-21501
-18211
-10636
-1506
-4063
-9691
-3854
13673
3841
4727
7211
23944
11866
3074
7190
10094
3714
-15348
-6694
-7366
-9338
-17132
-12284
-5063
-4493
-8670
-275
16162
8060
746
13505
21554
10089
5049
8182
12284
1362
-7864
-7331
1891
-14000
-25980
-10625
-2555
-7384
-5950
4679
12999
6484
2359
12384
13742
17508
850
6428
9227
1079
-17147
-11462
-3458
-15836
-21047
-17391
-1355
-5050
-13508
1976
10852
8538
3568
13488
17843
13785
3711
5936
11843
-3582
-12776
-10244
-8583
-11858
-23028
-12738
-2688
-11613
-8064
7200
9483
2289
4890
8353
18353
15025
3277
6633
12069
3301
-10948
-5923
-4500
-14565
-16608
-9704
-4916
-9633
-10699
-4578
11161
9795
1027
16963
18752
11278
3210
7673
9988
-2728
-8448
-6128
-8992
-12280
-20381
-15149
-801
-6656
-8239
3351
7310
9451
961
12582
16917
17029
1165
4839
8788
-3765
-10538
-12019
-4828
-13832
-23068
-14268
-2694
-7120
-12914
-3845
6767
8385
4325
9868
17697
12714
1323
10154
14525
-2041
-14596
-8520
-6455
-13457
-21637
-13734
-7075
-8134
-10042
-3843
6853
3670
8512
11618
25502
11215
4721
10522
11385
-1039
-8725
-10785
-3441
-12130
-24207
-12270
-14
-9585
-15267
-5205
10908
8982
9663
9548
22478
16148
1404
6845
14489
-4808
-8830
-14161
-7195
-18274
-19043
-11085
-6238
-9374
-14804
3393
15480
6769
1546
14987
22557
16141
3935
8929
7931
-765
-13107
-10548
-1838
-9329
-17912
-10404
-5330
-10562
-11099
-1777
12148
6892
3665
11605
21293
16571
12246
4234
9974
-2732
-12662
-6402
-4034
-8217
-18323
-11695
-11494
-8980
-11124
-4251
14483
6811
7092
12946
20486
9789
4259
10338
12417
1035
-12059
-9543
-9853
-13098
-24463
-12385
-4507
-7352
-10758
1592
11307
5231
-815
17248
25058
16149
5121
7828
11070
-2150
-12923
-2829
-5358
-14961
-20952
-16258
-3263
-7896
-10959
734
13712
5813
7635
11615
19976
15919
4919
6859
16552
-3596
-5090
-9620
-302
-14689
-20797
-16132
-4783
-9914
-10559
-785
11378
2691
6274
13236
19403
13918
5477
4228
7585
-952
-15131
-10464
-5762
-16313
-19316
-14304
-8347
-13867
-8362
6395
12112
6651
3626
14886
18314
8117
4497
5778
6520
738
-8486
-9652
-4662
-14494
-18295
-10935
-9858
-10502
-9396
3449
8174
12877
4417
11145
17244
14831
4017
12598
13511
-24
-6184
-5791
-2649
-19531
-26101
-14239
-1130
-6046
-10024
-3262
10786
9580
7087
17260
17005
15821
7177
8323
15134
1119
-14854
-10830
-3955
-15454
-23036
-17113
-3178
-9719
-12216
-1292
11248
4970
5475
14567
20992
12889
1199
8432
13428
-299
-10981
-8646
52
-7801
-21142
-15947
-10767
-7974
-13994
1458
12674
9484
7336
7771
19970
12600
5848
6406
12032
2509
-13622
-7570
-8252
-16850
-19306
-12978
-7018
-8771
-14362
407
9114
11792
2865
7927
20834
15029
4960
6706
13755
-2125
-8443
-6453
-2492
-10751
-22300
-12244
-656
-6736
-14960
-836
14254
9972
2198
12952
25061
16756
9829
8154
11211
-5235
-17288
-9140
-3156
-16311
-25126
-16454
-142
-10770
-7948
1809
16633
8613
-338
5674
21338
9965
1485
7809
6667
2146
-13233
-8801
-7791
-8530
-21082
-12286
-7596
-7223
-16115
-2038
12206
12616
7430
14126
20412
11533
10375
10936
3589
2408
-11611
-9508
-5209
-7255
-20964
-10725
-3351
-7543
-10660
3113
8913
9757
12031
11905
20348
13379
3711
4618
14588
642
-9801
-5863
-3123
-14301
-22294
-15239
-862
-10787
-14628
-567
6017
5400
8181
11797
21799
13402
5490
7445
11816
-4533
-3733
-10622
-3125
-12148
-22329
-11581
-7813
-12842
-13555
-785
5740
7093
3452
10101
14908
13745
5823
10568
11124
-3416
-9528
-4772
-4129
-11787
-20090
-14439
-12518
-9503
-13257
-442
15120
7948
2180
8183
23894
10901
563
7435
12449
1670
-17378
-6990
-8347
-8850
-19381
-13578
-2931
-9090
-14317
3845
5664
9571
1344
10305
18253
9120
4896
12240
3535
-213
-11816
-5406
-7406
-9541
-21572
-9831
1298
-7575
-10755
319
12765
7441
2954
6849
25597
12200
4392
7195
8581
1852
-10086
-9427
-723
-16535
-24754
-10883
-1128
-5116
-10644
-2332
11993
8789
8755
12458
16205
10932
2402
8047
12000
804
-7665
-6386
-5624
-13881
-20931
-14898
-8263
-8151
-11549
3325
11483
6768
5134
13389
20574
16245
1327
5760
8249
1018
-13291
-8459
-2747
-18049
-19443
-12676
-4448
-8405
-10743
2772
13356
6727
3411
15223
21782
14420
7024
4149
9377
-7
-11446
-6314
-5179
-6598
-20784
-13534
37
-10134
-13526
-937
12555
4548
2843
10932
17184
16467
2491
12258
12299
-1458
-11850
-9322
-6081
-11335
-16215
-16481
-6625
-12144
-10841
-1190
18533
5341
9099
20420
21479
13205
4849
8446
14642
-934
-11169
-8243
-3354
-17119
-19541
-13764
-6867
-6547
-13807
-1849
9364
9678
8636
15178
19872
17039
7642
9691
12539
5457
-18594
-5392
-6640
-16272
-21466
-12395
-3033
-2754
-8830
1490
14146
9605
5774
18621
20138
9378
3810
7398
8995
1369
-10247
-9899
-3598
-12879
-18536
-17366
-9214
-7726
-10109
1686
7875
7333
4472
15239
21017
17775
2570
4920
8891
1158
-13645
-8559
-7316
-15892
-17710
-10350
-8175
-8686
-12344
-4757
9915
6951
4259
15023
21404
12987
6881
2169
10408
4589
-13171
-7198
1191
-15419
-17516
-17683
-2559
-5393
-11804
-4594
9968
12947
3232
8563
17159
13636
1072
3083
9560
503
-14450
-7321
-2585
-11959
-19127
-14256
-3505
-5816
-11857
-4580
10443
15425
5551
16130
21683
17276
609
11171
11068
-1705
-8194
-6004
-1831
-12388
-19955
-10926
-4091
-6598
-16235
-1128
8392
7602
3975
13728
23043
15531
7912
10542
11650
1520
-15278
-9430
-298
-10462
-23409
-13393
-10950
-10006
-11099
-4028
8870
12814
6148
16598
18092
11063
3928
13519
9942
-2880
-16304
-5067
-4343
-12362
-24774
-12882
-2822
-6146
-13032
-5553
17335
7936
4524
14092
26647
9812
-1694
8777
12619
249
-10195
-7441
355
-15614
-18633
-14346
-1649
-10672
-8641
233
11502
9998
6128
13838
20328
13438
1681
8319
10873
-4660
-7898
-8075
-8106
-13383
-22943
-14324
-8367
-9517
-5860
-2633
11133
1611
6179
15240
22234
15272
3717
9850
13167
3111
-7417
-7449
-2394
-11879
-20713
-14303
-6426
-7697
-10056
1800
14306
9516
815
15945
16100
15501
2119
10510
5440
-1874
-13730
-8284
-5798
-11152
-23934
-15464
-7393
-8393
-8250
777
10469
9084
384
14300
20692
18721
3168
10925
11164
-5497
-5657
-12582
-4210
-8529
-20939
-6853
-2052
-3100
-11025
2050
13827
8233
8725
11083
21546
13021
3591
9246
11279
2218
-15195
-9177
-2869
-10176
-20854
-14175
-2108
-7400
-5442
2152
12716
7995
4552
13224
21124
13475
3976
7693
9897
-131
-6068
-9442
-388
-8689
-19039
-14889
464
-7636
-15497
-6872
13421
5941
7056
11282
21128
11444
4446
12485
15234
3810
-9461
-7442
-3802
-9993
-20419
-11878
-4464
-6014
-13774
4029
8378
5332
6771
14585
19502
13657
5717
10182
9828
3085
-12875
-11377
-5436
-16308
-21690
-10806
-9844
-5681
-12511
-4276
12966
8947
480
14664
19346
11131
3937
2474
12432
47
-12027
-8421
-3755
-11248
-18362
-15188
3442
-4786
-9269
-885
8189
3734
3687
12413
22161
14897
6237
9778
10140
5532
-6221
-6118
-4420
-8139
-23007
-13128
-4378
-8648
-10991
-3565
6617
5568
1439
13108
22455
10254
6784
11374
12056
1225
-14767
-9200
-6828
-13059
-19225
-8486
-7263
-11390
-16674
-6049
13841
7873
5669
12224
19746
16977
7969
5333
14634
-3388
-10585
-8074
-2299
-12257
-23564
-10202
1288
-8611
-10558
1315
16866
8777
1986
10984
27143
20635
4695
-1783
11683
-1800
-9916
-7383
-3248
-13527
-21072
-12916
-2499
-11875
-11991
1854
12011
10383
11349
14799
22519
16996
7130
10632
9166
-1066
-10337
-8983
-5998
-11935
-26364
-9228
-4802
-4936
-7146
-744
5876
5520
3100
13855
17930
8487
1408
8436
7046
-677
-12131
-7728
-2871
-14266
-23269
-21170
-2575
-7111
-12174
4127
11815
10539
5368
14128
19681
13860
2351
8918
6965
-1719
-10090
-8194
-5104
-5842
-18586
-14315
-6662
-12618
-14990
-3632
7681
9187
3595
12099
19323
12935
8824
2950
10008
3103
-13596
-10202
-6380
-9580
-22756
-7851
-1737
-12156
-13192
-347
14953
10529
4523
18794
27207
13026
5114
12547
13125
1443
-12796
-8095
-9087
-9044
-23476
-10802
293
-8473
-14540
-1676
2414
13973
8700
12136
25367
12590
2822
11907
10361
1711
-14766
-5827
-6415
-18843
-19129
-16165
-6735
-7427
-12911
-1139
12262
6495
3338
8873
23144
13616
5207
9313
8243
1902
-12506
-13805
-1795
-15403
-19355
-18160
-4308
-6057
-8241
3037
11672
13857
3094
6855
22927
12354
-368
12304
10194
-627
-11880
-8970
-2051
-15422
-20941
-12732
-3991
-5325
-9372
6266
6666
6581
4547
15290
22774
11605
3069
6859
14445
698
-14131
-4845
-4253
-10219
-22082
-10220
-8882
-10907
-14842
-3206
17659
8369
6071
11847
23727
11083
8535
6896
15778
-1490
-13358
-6757
-9137
-15446
-23143
-12373
-3046
-5920
-11811
-2775
16246
9936
5563
14041
19484
15050
3300
9411
9589
2304
-7881
-8126
-10327
-15063
-19822
-13304
-4536
-10041
-8142
-1100
10030
5155
5673
12095
25343
14311
668
9511
8417
-88
-10549
-6620
-1623
-13597
-19294
-16282
-6640
-6021
-11923
-112
11321
6591
813
13306
16954
12800
2991
8379
11479
-5953
-12547
-13558
-5004
-16540
-25089
-14265
-2042
-10904
-12793
-7610
11229
14514
6691
13689
17116
14831
6704
11627
6892
-5988
-14491
-10490
-5967
-16008
-22558
-16817
-5527
-12373
-11015
8954
13045
8796
4340
12259
15618
10697
6879
13426
9139
-5050
-13705
-9101
-3731
-13521
-18407
-14234
-1736
-3283
-8767
-1452
10770
13489
6017
13807
24721
10309
5785
10018
12876
270
-11164
-13562
-6284
-14241
-19287
-17832
211
-9439
-9481
-1133
12151
7201
-1384
10214
16185
13746
6154
8825
9901
2670
-8535
-9098
968
-15969
-19594
-14839
-3067
-9989
-10763
-205
11674
7064
6496
7709
26061
11610
-970
8522
9549
1860
-11119
-8496
8
-7681
-23248
-15111
-7924
-8085
-10929
807
13661
4159
3250
13266
20416
13251
3309
10727
12264
-1228
-7680
-8514
-3034
-12707
-18549
-15056
-82
-4957
-16817
202
10279
11256
3661
14552
24359
9895
3310
9674
7439
2554
-7776
-6064
-8821
-8942
-19951
-13846
-5700
-8594
-11006
-1688
4776
9828
3160
17151
20692
18250
4705
5817
8325
-8308
-7439
-6480
-8953
-15044
-19289
-14669
-3596
-8194
-4456
3940
3773
8840
6699
13452
18790
11113
1841
9119
5289
1271
-15372
-3640
-2691
-10871
-22528
-18612
-3805
-8556
-12265
8008
13759
8470
5828
11510
19333
19094
2931
6883
13084
-449
-12935
-3373
-1173
-16773
-19517
-10320
-3875
-8139
-9194
1940
11475
10059
1883
12653
24478
22785
9119
6634
14441
609
-9885
-12060
-6104
-9009
-22610
-15624
-3818
-11422
-13749
-205
6720
9289
5076
16376
26134
16151
4539
9824
10979
-2569
-15329
-10216
-3497
-11321
-22224
-14102
-2486
-13281
-11887
2031
6655
11945
5451
11553
16610
16564
-17
6389
8619
-3430
-12191
-7921
-5653
-8170
-23951
-12340
-3951
-9269
-8230
4165
11462
7936
1640
11966
24140
9087
1539
14665
11426
3049
-10794
-12030
-8832
-13740
-19490
-10337
-3904
-11857
-16934
557
6906
5792
4677
11348
20917
13500
6025
7800
12940
402
-7321
-7255
-1262
-12974
-24625
-10725
-5715
-4834
-14186
978
11729
8022
2460
7084
23535
15153
7226
2372
10090
-6322
-11486
-8375
-6526
-14961
-18963
-9268
-2196
-4615
-9829
1562
11847
3007
6356
9305
23020
15073
4686
11701
9490
-3670
-9080
-8627
-7839
-12160
-21922
-13770
-9222
-7496
-15298
-2864
7342
6803
5013
17690
21633
14713
-519
3518
8937
1269
-11816
-6113
-6979
-6858
-20307
-20304
-3135
-5537
-11521
-1716
10901
6854
10448
9450
22680
13832
6017
6982
11159
-865
-11611
-9734
-3103
-10646
-22068
-17768
-4020
-11920
-10190
3414
13584
3588
1866
15991
21985
8466
2905
4294
5792
-2897
-7572
-8945
-3163
-15926
-20117
-13065
-4814
-11350
-11151
3202
12269
7175
4073
12990
21214
8628
2244
5404
8098
1095
-8685
-7263
-7109
-9422
-21414
-13797
166
-6978
-12838
2942
8874
11079
3428
14821
24454
10739
2089
7159
13913
-1826
-13651
-7181
-3614
-15370
-23288
-15553
-2689
-8579
-10499
3737
9570
8404
8184
16959
17421
12649
131
3540
7717
-4727
-10940
-13456
-8328
-16913
-19877
-14256
-4328
-11090
-9135
-1663
11895
7762
1640
17499
21020
10419
4704
6227
5966
1294
-9179
-10377
-5706
-11484
-22106
-7719
-5371
-8827
-9765
784
9919
8046
4934
8275
17759
12182
5104
5553
4761
14
-12375
-7711
-5913
-7531
-17607
-15608
1028
-6149
-10445
5410
14514
8371
8743
12836
19070
16718
5300
7594
9637
-6638
-11646
-7877
-7028
-17986
-24142
-13947
-8150
-6168
-14901
593
12643
6325
2348
13126
22013
19223
6014
10307
8900
1569
-16416
-6981
-3490
-17643
-16158
-15100
-4932
-9695
-12054
4612
12364
12255
10959
15573
15783
8568
2652
10404
8984
-351
-8295
-5493
-3226
-14874
-22981
-9980
-7518
-12846
-8827
-2989
11010
5557
-391
10433
19190
12163
3054
12613
17419
-2316
-9403
-5162
-10167
-13021
-21418
-16043
-2298
-6089
-13219
-1031
14558
6590
8797
12646
21421
13260
5697
10978
9757
-4466
-10290
-11183
-465
-15897
-22481
-15434
-8531
-12526
-14881
-723
11091
8779
-1159
11893
20403
12737
5122
10883
17798
-4694
-12508
-7787
-119
-11278
-20313
-13899
-344
-8370
-11429
145
11637
8065
3918
14827
20149
15381
8781
9050
7880
3677
-13095
-11606
-1149
-12133
-24414
-13739
-4710
-13750
-17036
1205
13932
7600
2467
16418
23579
15724
411
7845
13575
-1972
-12769
-10543
-3249
-9076
-21375
-12267
-3705
-8759
-12198
463
16042
3465
-627
9637
21543
11891
-1909
11322
10874
234
-14527
-12888
-7246
-9302
-20901
-9022
-2402
-10014
-14593
-3312
12303
8973
1747
15427
17946
15842
5625
7725
14741
-2588
-10490
-7319
-1901
-11484
-16607
-13539
-5758
-7274
-12309
522
8845
10377
11287
15974
18769
13511
-389
9669
15185
70
-3799
-6584
-4453
-20291
-22326
-12997
1348
-9731
-11233
-2203
5978
9737
1769
10642
17853
15567
9771
6327
9950
-152
-10710
-10992
-7177
-15918
-16752
-15035
-5140
-6697
-12186
419
13525
12028
3671
16688
22816
11770
5411
8466
10846
2374
-18023
-10524
-6236
-14420
-15152
-15428
-7204
-11504
-11062
318
12885
4877
3862
11933
18830
11548
6285
10588
11520
476
-14598
-10213
-10536
-17724
-21505
-15802
-5242
-11136
-8758
-7105
10307
10497
4762
12407
21684
13317
3139
11790
13286
-3034
-8347
-8738
-7590
-9658
-21674
-14445
-4912
-9495
-9708
123
7792
9345
6036
8479
19844
15128
5859
2688
14607
972
-14799
-8136
-9256
-14986
-18174
-17039
-5515
-12091
-11643
-2552
9728
5708
348
12825
22577
15131
3046
10556
9520
3758
-8376
-10404
-2396
-13275
-18025
-13052
-5154
-2836
-10767
-2426
11223
6756
6774
14972
19467
18275
6710
7712
12214
805
-5535
-6731
-7907
-13206
-26889
-13768
-4673
-12397
-13608
-2288
9523
10843
99
12547
19321
17502
4141
12961
7082
-1501
-6048
-7898
-637
-17545
-17395
-18771
-730
-14177
-10386
201
11388
8591
9027
12494
24843
13410
1346
5668
8781
-9
-10375
-10131
-1288
-16410
-22110
-16366
-4680
-6957
-9529
-5021
11011
10196
2355
10049
16378
14299
1294
6726
11770
-855
-10049
-5888
-2691
-11725
-22783
-15334
-5972
-6043
-10878
1902
11795
1719
1459
11441
24561
12140
9673
5645
14191
5894
-10887
-2541
-973
-14644
-19529
-11996
-9479
-6738
-12782
631
13871
10242
6248
14723
16678
11557
6802
5315
8927
1102
-11981
-14901
-1465
-16332
-18140
-17835
-10272
-9056
-9083
-2352
10900
9268
9108
12744
20397
12000
5823
6287
9286
84
-13017
-7357
-2787
-8593
-22362
-13883
-3337
-8874
-10326
2847
13598
9148
5123
15802
22376
10998
5892
7285
12560
3629
-15701
-10404
-4882
-10126
-20930
-12806
76
-9755
-12679
3646
11239
7570
4817
10072
23696
11385
5132
10816
7673
2103
-13245
-7094
955
-13738
-27140
-12840
-1794
-6329
-15125
-1949
13673
14350
-1084
16335
19115
13763
4344
9348
13514
4718
-20576
-11411
-1976
-14833
-17621
-13180
-5900
-8244
-11698
-1077
13710
5540
8590
14548
16325
11130
4034
6489
12019
4758
-13455
-7876
-7919
-11699
-17851
-12054
1719
-8575
-12815
-1962
10273
7772
2435
11909
24117
15668
7098
5196
15389
304
-12232
-11109
-7004
-15549
-18231
-12248
-3106
-6815
-15218
-3723
10882
4375
4283
15105
20707
8773
4585
12564
13640
1067
-11077
-7847
-8392
-15020
-27338
-14765
-2851
-7956
-9399
-677
14373
9751
3352
9391
19447
14952
10166
7476
13074
1574
-14763
-13280
-6860
-12381
-20031
-8969
-8421
-7555
-15979
-416
13089
7788
5018
18278
17037
15293
9082
3167
13009
3260
-8377
-7245
-7328
-15082
-21765
-17302
-5315
-5845
-9759
-6317
11479
6805
3313
8795
21681
16535
4275
4457
8021
6903
-13345
-9501
-9415
-12669
-24300
-15956
-7115
-5086
-15490
3153
9372
7294
2010
13146
21568
9914
4126
3066
10936
1763
-15983
-7550
-318
-5904
-22271
-15571
-2113
-7448
-14074
4271
6983
8155
2306
13274
19481
9798
2491
2904
13031
482
-13969
-9652
-8499
-12763
-20882
-14072
-2045
-7283
-11983
-7385
12511
11327
1555
16800
21707
12777
8997
6991
14073
762
-13039
-9189
-6711
-10180
-20980
-16850
-2652
-11252
-9990
-179
17499
7984
5222
14317
21639
10018
4490
12645
10274
2092
-5153
-5302
825
-14656
-19253
-12831
-5770
-7325
-11566
3517
12603
7705
4837
15482
16908
16242
12146
9401
9803
4888
-9925
-10476
-959
-14044
-17805
-7642
-2075
-1387
-7779
-4943
12308
10981
8017
8862
16644
11300
6595
10167
11059
4159
-8773
-9541
-2061
-10414
-20665
-11956
-4907
-4311
-12628
631
9819
11274
6948
12069
24242
12331
4259
4726
6772
2115
-11899
-9840
-7220
-16034
-23615
-17407
-3623
-7813
-12403
-1228
12630
5821
3131
17545
18419
12758
8706
3701
10495
-2541
-11079
-6744
-337
-13594
-23582
-12520
-4945
-11132
-12233
3072
13878
12802
6543
7625
20822
16590
6359
4807
4737
900
-6702
-8614
-8357
-10837
-19504
-9629
-5505
-6615
-8402
-2259
11077
5859
-967
15333
22236
11445
3473
10400
11389
198
-5876
-9707
-3797
-10956
-22263
-12464
-9823
-8519
-12059
-967
8630
3917
1524
18559
21307
19035
4447
10059
4832
-620
-11943
-4757
-7466
-15886
-22276
-13695
-4751
-8783
-12411
3187
4800
10746
6489
13457
20732
10498
8005
10023
7783
-3853
-12962
-6711
-7779
-17008
-18004
-16999
-4365
-8215
-10029
-4010
10376
10554
348
16158
21842
16815
10320
13421
11711
-1570
-10530
-12510
797
-11969
-19359
-13811
-2550
-5950
-11853
814
16396
11162
9485
19217
15856
9861
3548
7271
8613
-2172
-11725
-12176
-3355
-8710
-19444
-10635
-4065
-7097
-11985
1911
14897
10917
7767
18112
15361
11730
-436
10338
8760
2715
-8322
-2852
-3324
-14840
-21367
-15383
-6101
-8414
-13049
-1188
8384
12716
6020
13433
24408
10072
2213
11865
11772
-2579
-9809
-6005
-2666
-12074
-22822
-16969
-2850
-9638
-9567
-3342
11950
2764
5955
13581
20338
14019
3088
12704
12120
-1153
-7348
-11804
-4761
-14751
-21922
-14417
-9825
-10598
-8945
-969
12936
6625
5347
12771
23419
13572
-65
6999
6178
-991
-8657
-9314
-5253
-11325
-25491
-16658
-6098
-9824
-10003
-1324
11425
8003
2990
14775
23471
11287
7766
7106
10155
-720
-8240
-10368
-6323
-11845
-23245
-11035
-5954
-3948
-9277
-281
14122
4145
4830
12595
18711
13792
8982
5842
7480
1355
-8521
-13062
-2899
-9289
-21560
-15716
-4809
-12157
-13698
1808
12358
2815
8508
12388
20300
13032
5277
3084
10116
3138
-16799
-8559
412
-20493
-24198
-16573
-4743
-7486
-8281
-1993
14119
8052
3267
10326
19121
13417
-825
8195
9464
2609
-11797
-12639
724
-12056
-21429
-13040
-4151
-10662
-11117
3508
9239
10811
4397
15291
24356
11350
4902
8204
12843
3122
-15131
-9134
2025
-12975
-19012
-13796
-2136
-7009
-9193
6588
3373
9837
7217
13192
17453
10987
4884
9106
12209
2224
-11727
-5807
-2870
-17731
-20797
-14073
-6817
-7038
-17473
-1046
13102
13148
2407
13848
21622
18101
5908
7070
10031
3139
-10323
-13915
-587
-12001
-22473
-10715
-4449
-3000
-9586
380
9121
9332
3214
16156
21553
12343
6379
7616
15568
350
-7630
-6401
-2393
-19790
-16396
-12881
-7317
-9718
-9095
-484
14558
2054
9077
10204
22631
19508
4576
7897
17159
-930
-9133
-14629
-2209
-10573
-18511
-18957
-2227
-5632
-7004
-3721
13996
8625
3323
16946
18722
16804
9733
-1086
10617
-3107
-10303
-9496
-2251
-12342
-19220
-13937
-3329
-4595
-7879
-4505
10643
7895
3530
18886
16907
17663
3801
11872
8430
-1776
-11995
-10117
-6296
-11844
-22087
-12591
-2561
-3919
-13652
8060
7549
13074
8108
11636
20507
8235
3458
6112
7135
3892
-12089
-8970
-4224
-11263
-19296
-12169
-4702
-11168
-8654
1847
10762
8851
10428
13688
18397
17875
5309
10054
7556
-2453
-10142
-11789
-943
-12269
-20433
-15832
-4938
-13132
-7065
3188
12083
13114
3169
12920
22825
14806
4811
3869
17136
470
-12049
-14095
-7640
-9992
-23795
-11733
-4492
-3907
-16735
-1416
14405
10228
8928
14375
19964
11484
4111
9496
12015
2157
-11274
-8710
-4304
-12246
-22797
-10980
-3163
-9376
-13927
-3141
10852
12136
4565
16106
19847
14178
4376
15073
13525
2703
-9521
-9293
-8925
-15252
-17826
-14468
-2104
-8587
-10644
-4915
13133
12791
7762
11254
19010
11525
1602
8055
14313
1512
-8084
-8070
-5411
-9275
-20358
-15404
-8462
-6004
-9964
-421
10874
7259
4098
7462
18650
16827
-1018
6111
13177
807
-6617
-7536
-2897
-19511
-20333
-12536
-4778
-9743
-13988
1051
5626
8600
2924
13676
21724
11107
3037
10320
12278
-1044
-10342
-12428
-7429
-7569
-21652
-14564
-6437
-9260
-12230
-2650
11991
6065
4874
12444
21873
9679
5587
9465
14916
2457
-14285
-3137
-3460
-14796
-24197
-13425
-4715
-8283
-12924
910
12169
4930
6780
10811
21477
14036
2799
5046
9535
-2247
-9389
-9585
-3351
-6366
-21739
-8802
-4631
-11729
-11954
4936
10568
7057
5848
15626
23506
9892
2833
7644
10892
-5796
-11071
-12471
-2538
-10042
-18989
-16078
-5464
-10484
-14911
-5541
13874
6960
5756
12473
21499
9381
537
10634
13843
-1309
-10603
-4491
-2283
-15517
-18346
-15340
-5292
-11271
-3604
3244
12023
3255
3761
13844
22623
10332
162
12414
13253
-2348
-6580
-8521
-4284
-15244
-18807
-10529
-4130
-10459
-8823
2696
11764
12296
7437
11415
20522
13758
4111
8743
16090
330
-9718
-7824
-3870
-13786
-21820
-14212
-9490
-9945
-7741
3098
5945
11442
933
11586
22597
13166
5372
8527
12828
3898
-11165
-6390
-7501
-16355
-21349
-9871
303
-6019
-10393
334
8561
7290
433
13390
19560
10690
3031
7847
15254
3273
-12045
-9185
-3620
-13288
-22483
-13803
-7259
-9666
-15236
786
17959
2478
-717
16189
21535
17298
1137
7524
9977
6256
-12501
-12857
-2150
-16342
-21719
-12286
-3572
-6843
-6287
-2301
7729
8334
3053
13221
23614
18257
1646
10542
13789
-1613
-12734
-2946
-7893
-12356
-19109
-9705
-2050
-6429
-13111
-4345
10624
9043
3894
13870
17266
15832
6937
6718
11941
2001
-13753
-7858
-6408
-14108
-18540
-9175
-4049
-7157
-11403
510
7947
7944
7719
13384
27227
10552
4550
9645
14735
1925
-11375
-5838
-2705
-14997
-18167
-16730
-8409
-8141
-8956
-5894
10750
12810
3979
10467
22890
12217
6279
5433
9604
3597
-8100
-12394
-6413
-14840
-19846
-10117
-1829
-9762
-11665
-1127
9889
1738
5163
13801
20949
10107
3648
7383
8891
-2630
-12696
-5861
-4519
-9907
-24502
-15829
-4117
-8770
-12719
21
12768
8445
1160
12847
19565
17088
8461
2166
14975
-4011
-10628
-7437
-6486
-14067
-22574
-12273
-5713
-14128
-13020
-4177
13566
4195
2760
15069
21467
10927
4639
8917
11842
-3745
-5922
-6752
-2151
-16534
-21630
-9347
-8042
-10431
-11462
1538
13168
6982
6795
18075
21613
13953
3226
10087
9851
2076
-11912
-5952
-2606
-15489
-18867
-18879
-4548
-8217
-12537
2094
13198
7778
5311
14700
20908
13331
2114
7662
7058
-98
-11883
-6136
-7318
-12662
-23286
-12325
-4961
-9877
-13050
1684
12595
9213
5788
15399
20193
14768
4387
7389
9647
-4518
-11305
-6844
-6731
-11433
-16335
-16242
-2434
-12159
-14426
242
11538
7729
-1067
11243
19085
14793
1217
8977
11768
5724
-11926
-7454
-3959
-13856
-17888
-15692
-7767
-11808
-7527
1392
9522
8000
2205
16533
25477
11624
3323
5557
7052
-1128
-11473
-11063
-1370
-13220
-15294
-14491
-8240
-9206
-9058
-2285
9777
10096
6594
9594
17875
10504
6758
6241
9801
4349
-7962
-12629
-5792
-17969
-15670
-15066
-1929
-12024
-8993
-825
17780
6667
5674
15022
19771
15384
1431
7498
13552
2907
-13686
-6099
-7663
-10683
-25917
-14928
-3614
-13356
-5596
-3051
17985
7078
1121
8831
18837
13511
5030
12037
12775
23
-11856
-8249
-3412
-12444
-19852
-20761
-384
-6063
-12373
267
9144
9091
4712
17546
17195
12826
1573
8244
11776
2755
-9157
-7296
-7039
-14205
-19498
-12577
-4150
-6801
-14933
2447
18934
9545
6487
12742
22036
14602
1915
5406
16362
-952
-6166
-7852
-3635
-13034
-18900
-14334
-4291
-7300
-16918
2811
13570
7645
5963
11782
18360
11992
4156
14196
13106
2838
-10742
-8586
-6203
-14672
-21091
-11867
20
-13545
-9905
-6138
6046
-494
5636
15863
17559
14655
1991
10189
16724
322
-9709
-5176
-6568
-22204
-24159
-16848
-4321
-6353
-9909
3710
8094
13900
3501
13257
17715
12911
7150
6658
11463
2182
-12372
-6827
-10056
-12726
-18499
-11431
72
-7010
-12459
-4215
10314
10571
6644
15033
12667
14114
464
6491
11078
1851
-5852
-8345
-2737
-8471
-25031
-16853
-1727
-9339
-15540
3676
14508
8317
4193
12646
17497
18287
1057
9356
16893
409
-12210
-3640
-4747
-15418
-23125
-8859
-3758
-8648
-7216
-365
14282
6532
4413
20598
18451
16242
5221
5746
13463
1839
-10408
-6943
-4208
-13729
-15263
-13832
-6350
-6315
-9354
-803
11484
10209
7056
9914
16629
11864
-1313
8450
14388
2369
-5863
-7155
-7153
-12209
-16619
-15539
-4819
-7816
-11457
-1005
9110
8016
6587
19218
27397
16399
3739
10594
10786
-3703
-11461
-7155
-6383
-13635
-21524
-18368
-6117
-7692
-12725
2746
14036
9579
8792
9847
22032
13932
5715
8114
16030
-1262
-11309
-9302
-6531
-12942
-21449
-16389
-1559
-11953
-8906
-2177
10878
9112
2143
15980
23943
15827
2086
6831
11116
3128
-9041
-4415
-7304
-11503
-16753
-13693
-1460
-5800
-14113
-1511
9584
9946
6832
7434
27666
11029
3893
7525
8701
-146
-10163
-5120
-5879
-12547
-22267
-10061
-6100
-5439
-11778
-3175
9467
9495
794
14577
21577
8939
8886
9825
6023
-3437
-5706
-9695
-5574
-11646
-20478
-14069
-3237
-7660
-11616
-2841
12925
9861
9055
8902
20911
8831
1884
8231
9868
340
-12243
-4745
-2215
-10590
-17383
-10453
-9090
-12295
-10512
-1773
8597
4964
5939
10544
19023
15946
-3169
11838
15203
2664
-12824
-9010
-5488
-15938
-13941
-17472
3494
-6046
-9802
-6562
14506
6406
7880
14162
19574
12526
1403
8264
10573
-1774
-15249
-6989
-6238
-13744
-22076
-14977
-5528
-10871
-11311
-377
16554
7825
8290
10985
25565
9924
6084
5758
14349
-959
-16267
-5286
-3985
-10603
-18890
-10180
-5502
-8826
-12114
-2759
11732
6254
4842
14074
23154
15260
1068
11456
11770
-2843
-10968
-6754
-1143
-15725
-22229
-15955
-3974
-11527
-14647
-4677
16154
13231
3508
14673
17962
15105
5628
6008
9997
-2401
-14760
-9550
-5959
-11120
-22135
-9508
-3174
-7427
-13829
-919
7420
7243
4184
14379
26872
6138
4457
7801
6517
5377
-11910
-13518
-8358
-14022
-19905
-16403
-5266
-6601
-11226
-1448
9825
7820
3671
5179
20246
9898
1721
2169
10893
645
-12117
-6830
-6271
-11273
-21501
-13455
-10826
-5857
-15876
5504
11973
7484
10914
11144
25245
11065
6092
6390
11287
3592
-13396
-7870
-5411
-13600
-13756
-15632
-8263
-4848
-13458
4297
12515
10117
3728
6763
23372
15917
4728
9907
18013
2562
-9874
-10185
-5201
-13637
-24433
-11096
914
-8228
-8706
2853
11139
13382
732
12038
20616
11790
3011
11837
14629
-3825
-15043
-7831
-4349
-10985
-19723
-15941
-4692
-10726
-11333
-956
11833
2814
3307
16248
23295
9624
5307
5255
15518
1712
-11204
-9743
-5289
-8524
-23134
-16326
-3460
-7633
-12281
-6134
12281
4561
187
14290
14795
9562
7305
3014
10626
-147
-14381
-11285
-741
-17047
-22008
-11848
-1568
-4213
-12536
-2448
10227
10296
7063
12031
19278
7589
10363
6750
13577
-1671
-9912
-12375
-440
-11660
-23772
-9113
-1600
-7209
-13224
2524
12888
6310
6602
12488
20132
12036
9624
7707
5939
-5643
-13789
-8853
-4742
-16212
-19441
-18114
-2677
-9333
-16352
4192
12970
10051
6563
12809
22128
10213
1667
6586
15292
-3007
-9955
-9471
-1198
-17510
-25837
-14992
-3706
-2203
-8742
-1247
7812
9643
1916
14832
24371
6886
10121
8598
13114
-2301
-10117
-3270
2848
-9166
-21663
-15753
-1991
-2468
-10835
5969
10770
5064
3171
14982
24275
12205
2317
8214
17181
-3648
-7438
-4766
-2573
-20053
-19836
-17304
-7030
-10507
-14615
-3193
12457
14354
2522
10250
18690
12452
2458
11154
12964
1303
-13325
-11652
-9054
-13519
-19905
-13160
-1098
-12354
-10473
783
13216
9803
7744
13099
20008
16638
7459
9541
14780
-1670
-12338
-10430
-5863
-15699
-17676
-9209
-4247
-5057
-6068
-2596
16578
8165
4175
10243
21829
16403
165
7943
14150
-1397
-10817
-7282
-5053
-11198
-22993
-14336
-9628
-6359
-10305
-473
7102
5248
7383
13732
22205
12598
778
7725
15579
-319
-12287
-8171
-2318
-12835
-17683
-13283
-1248
-5640
-13735
-161
12885
10764
2662
15953
23703
15625
6815
8137
14448
2748
-16602
-12002
-863
-14877
-19280
-13900
-5907
-10437
-9179
-520
12415
6594
728
16428
20673
13757
11262
8276
13223
-1960
-13508
-6590
-5826
-11269
-23259
-15628
-4679
-8049
-10148
-1253
12657
9893
4077
17550
22039
12693
324
9728
14983
423
-13635
-5827
-4376
-14340
-27130
-17377
-2913
-7861
-14981
2355
5979
12410
5376
14704
19236
8500
7635
9332
7800
-4489
-11639
-4412
-2701
-18381
-20839
-15024
-7722
-7033
-7973
-1772
12783
9896
6120
13743
18160
11440
8741
16769
12364
152
-10612
-5655
-4320
-6145
-23502
-12711
-4528
-11260
-15007
-3689
14698
9934
5389
14179
22320
8720
332
9521
10612
1190
-11533
-9350
-5464
-14928
-25784
-19614
-8268
-5932
-15462
-2068
10327
4096
-959
12041
24917
12308
-412
5786
16800
1410
-12349
-8148
-113
-16185
-25874
-16833
-4487
-7993
-13562
3407
13178
7063
10109
11522
21113
13635
6862
11025
11704
-4002
-15429
-5502
-612
-13421
-20310
-17219
-6431
-5448
-14079
-1906
11724
1616
3548
16586
21885
15258
1589
6275
16895
-889
-13304
-8261
-6973
-15756
-20114
-14281
-5061
-5976
-14631
-2832
9977
8336
4196
14258
21260
14019
4419
7578
19877
2757
-14808
-5691
-712
-20753
-28323
-15841
-9663
-4743
-9357
1684
7318
5897
2766
10660
21880
16815
961
4929
8896
2765
-4306
-5783
-1301
-15017
-25784
-12712
-3444
-10465
-13871
4521
8739
13813
6719
15242
21932
11873
823
8734
8015
440
-5734
-7992
-4875
-12514
-20012
-19684
-5222
-10488
-16520
790
11687
12607
5258
15699
24931
15884
8311
10419
8705
-1998
-6703
-2931
-8819
-11975
-22289
-16386
-3986
-6784
-10711
7089
13551
10984
7939
14866
14684
13895
-915
9356
9477
3783
-10576
-7959
-4086
-15583
-12917
-10406
-160
-7236
-11444
32
12022
9475
6180
17750
20830
14286
5224
6661
16459
-2367
-13402
-5829
-3122
-13939
-23298
-17333
-4795
-4666
-10269
3727
11062
12738
6517
18076
17429
16319
6684
10460
11091
628
-11772
-6490
-3769
-11725
-22052
-17659
-5241
-7364
-12392
-2336
7479
8533
3661
12933
18342
6003
3520
11209
13229
494
-11248
-9939
-5290
-15853
-18430
-10987
-4288
-6091
-10409
-2215
12946
6151
873
18520
23941
12215
3940
6021
11708
2457
-11239
-7418
-8064
-12440
-25130
-12949
-5466
-11090
-5027
-2877
10899
8906
6839
13980
18039
13196
1608
4974
7741
1242
-14006
-5164
-1869
-15101
-22467
-9719
-2560
-7439
-9978
-1793
11975
10329
5611
13393
20708
14715
2806
11627
14220
-3634
-12760
-9641
-6453
-12430
-17476
-14527
-4721
-11352
-9718
2204
10589
12451
8202
12052
17663
16340
4915
14803
12386
-306
-11165
-13108
-3148
-14170
-23961
-14315
-3381
-8108
-14894
-3168
11260
5186
-355
9711
22981
9134
8457
11734
10497
90
-10706
-5786
-4193
-12809
-22837
-14538
-3672
-8438
-9401
-2043
15237
9600
-318
13735
23892
6095
4629
11248
12167
-166
-8900
-8718
-3275
-14931
-18048
-16534
-7574
-10975
-12114
655
14726
13807
3135
15956
23081
11291
8289
9228
9402
-508
-5783
-9483
-6192
-14815
-17282
-13604
-5290
-4258
-14679
-3252
14312
4811
8521
14158
17678
12114
6470
5244
9977
-1890
-8039
-10464
-3344
-10852
-13138
-14180
1741
-5015
-8642
202
8926
9317
5713
11296
18533
10583
5901
4188
9054
-2050
-6288
-6061
-3928
-12973
-19587
-12843
-8947
-7409
-8990
1079
12094
5726
2491
11872
24706
12089
8743
3649
12968
2512
-8462
-13761
-2853
-14411
-23251
-12215
-6219
-9566
-11350
565
11272
9778
3600
12620
18932
13329
1734
7114
13446
449
-14187
-12950
-2637
-10499
-25732
-15914
-7823
-11459
-4973
1930
9169
5835
8112
15595
17577
17758
5300
9543
11896
2575
-13074
-6720
-3839
-15795
-14758
-12959
-3005
-14169
-9662
4659
17248
5498
3945
12594
17837
13988
5139
5104
9714
-1838
-9317
-7225
-4358
-15724
-21968
-11596
-1771
-9619
-14790
-3045
8130
7093
1967
17520
21637
16777
3958
9339
2822
-3689
-10040
-7428
-9264
-13605
-17831
-10006
-10386
-6832
-10795
-1828
4920
7017
11355
9017
20003
11481
4712
6966
12176
1422
-13050
-10558
-5776
-11937
-19391
-15380
-888
-5299
-10835
982
9560
9122
9306
11219
25938
11239
3368
9629
11675
3104
-11409
-10809
-1049
-10192
-20891
-8264
-1934
-8745
-11897
-1538
13296
12430
2092
16186
21718
10039
3514
9881
14550
2303
-16321
-10252
-6031
-15139
-16549
-8867
-6959
-8060
-11792
-8
12853
3229
3059
9578
23978
16345
4419
6405
8407
-5960
-14093
-8607
2811
-9758
-22646
-11433
-10972
-10560
-11456
4423
6889
11378
4866
15204
24660
10546
6936
6618
10092
6124
-6474
-9532
-2551
-14074
-19868
-11148
-5349
-8903
-10853
2273
11400
5925
1564
12918
22071
13457
1598
8243
10631
481
-20511
-8304
-4380
-12971
-21116
-14838
-4772
-10277
-15513
-892
12469
11429
8186
9901
18861
12850
4290
6820
12968
-4340
-6308
-7656
-2796
-9376
-20984
-9672
-7985
-11077
-15911
193
8180
9632
9035
11548
17102
15141
6534
9344
13542
-2221
-11690
-5985
-3500
-11152
-21077
-14972
-5275
-6437
-9748
3082
16270
16714
3676
14404
17483
17394
6439
3470
13565
-2196
-10160
-4170
-1127
-14163
-20285
-16903
-1977
-6611
-11851
1365
14302
4681
5595
8749
14745
17949
-1692
4456
11497
-3169
-11775
-6818
-8047
-16141
-20707
-16081
-100
-8612
-16067
1916
11587
7131
2965
14856
19852
15185
6672
10484
14156
402
-12636
-8908
-3960
-15257
-23149
-10334
-11163
-5229
-15071
298
8320
7043
2278
9921
22614
12665
1630
7045
12001
-2279
-13063
-7331
-6267
-14479
-17598
-15561
-5978
-3636
-11721
734
13782
8275
4310
12230
20605
15136
5387
7787
8768
2146
-11016
-8206
-9079
-18815
-15925
-13929
-4063
-12472
-13011
-1689
12206
7688
3102
11720
27389
18886
3707
11180
10867
-3573
-11076
-10648
-5906
-15394
-26019
-14143
-4829
-10131
-8394
-4565
10850
8493
4442
14014
22373
10872
7150
12949
16470
-850
-12734
-10798
-197
-7883
-20356
-11963
-3698
-8430
-9565
-5183
7853
10611
5892
17163
20501
12382
-1355
4862
13037
2516
-9639
-10469
-5271
-19539
-21887
-12972
-538
-3332
-10347
-515
11722
8934
8426
8986
20844
10127
5789
8624
12754
1796
-10555
-11232
-8183
-18754
-24490
-16585
2459
-6593
-9398
-403
9713
7111
3114
16987
23572
9544
5098
10011
8499
-1579
-10362
-8075
-3038
-11021
-25672
-8021
1609
-6108
-11943
-4289
13424
7948
3722
16504
16551
7926
1178
7780
8344
-2519
-11838
-5039
-1458
-17857
-24810
-12605
-4020
-16629
-13673
1196
9098
7783
3133
17632
19749
10118
6680
6636
10978
-230
-11921
-13958
2106
-14263
-26239
-10754
-2804
-6181
-8541
3282
13822
6480
-727
16307
17921
12285
6700
5825
8040
-1945
-9990
-3006
122
-13028
-19414
-9661
-6252
-5139
-16098
3427
10829
8395
3463
14509
21620
13603
4000
10105
17210
2670
-6927
-10417
-7189
-13313
-22488
-13656
-6213
-5753
-12687
-297
7256
9883
5095
11946
21485
25034
571
5748
9904
-2745
-3671
-10550
-5321
-12903
-20657
-7008
-3181
-8478
-9185
-315
10923
7497
1247
10930
23459
11243
3343
10842
9997
3393
-13191
-14838
-3338
-11132
-25215
-10480
-5808
-11285
-9722
-934
7883
6982
6393
10330
26288
15600
5599
4491
11008
4336
-12438
-12480
-4812
-12541
-22359
-17770
-4062
-11676
-12292
3298
10003
5524
4228
16941
21682
13626
6760
9827
9407
-6012
-11787
-4525
-5929
-13738
-21985
-13546
-2863
-7399
-7168
1182
13228
11361
2782
13429
19716
10670
5914
6745
10705
-311
-9405
-9037
-6408
-16873
-24570
-10392
-4088
-9233
-10195
-2614
9576
9849
10528
8876
26897
11301
7209
8236
15472
687
-11750
-2445
-3895
-15016
-24484
-15474
-4935
-7846
-6689
-3073
11480
9184
5942
10284
21643
22550
3388
11912
10142
-162
-16205
-13445
-6471
-15163
-19710
-14903
-7591
-8131
-13087
3236
12404
8143
5783
10502
20791
12071
7238
9833
9070
1427
-12809
-4271
-47
-13750
-22644
-11030
-833
-5633
-12790
5051
8670
7610
3171
12702
21633
13937
10670
4567
15321
1822
-10695
-9788
-3288
-9711
-18990
-18001
-313
-5482
-5942
2014
10237
6714
7877
10098
20369
14768
3031
7213
13204
1414
-14370
-9203
-3263
-14938
-25390
-12731
-2457
-10430
-17301
5300
12527
6310
3855
18215
20372
10612
5885
5606
11040
-3672
-5011
-7931
-4651
-14812
-24232
-13334
-2786
-5921
-13198
-718
13331
11010
4470
14749
19816
16179
4055
4056
14915
3798
-12444
-9558
-4117
-13949
-21009
-14487
-5365
-4743
-11569
2150
13686
7214
4763
12284
18111
11447
5082
9789
13212
2445
-11630
-12779
-5665
-13134
-22782
-12598
-7414
-7258
-11465
1116
8727
15231
6977
10250
17739
19222
5143
8942
6182
734
-10542
-9091
-8801
-17670
-21048
-14541
704
-13786
-4465
1471
13682
11811
3182
15031
19045
14791
7138
9151
11865
5758
-12445
-10342
-2063
-13394
-24003
-6449
-8151
-9780
-7012
-44
8767
7946
6374
6655
22024
16501
5785
9766
14945
-902
-8196
-9560
-910
-8558
-20789
-7523
-2868
-2329
-10607
-3209
15241
5629
3614
16327
20526
12175
4229
10765
14266
-1144
-11087
-7930
-4218
-17118
-22925
-12316
-504
-6467
-10488
2590
10966
6528
2917
13440
19742
10136
4894
4803
8649
-1665
-14179
-3549
-6855
-12998
-17906
-10776
-3068
-4693
-11386
-1881
10901
13423
2406
10227
22023
14311
8209
9206
11759
3986
-10291
-10279
-1630
-13256
-25383
-9734
-8938
-11210
-7099
1163
15622
8936
4197
12107
21515
16909
3531
6646
9300
2157
-13484
-9397
-7008
-17080
-18202
-14346
-3300
-9107
-11894
-1510
12502
8450
155
9142
22377
13790
7245
4630
10598
2861
-9227
-11308
-606
-9649
-23477
-15312
-2431
-5175
-9835
-63
14188
8435
5987
18153
25759
11219
5080
10827
12791
-5814
-16389
-8104
-3431
-16827
-23206
-11328
2770
-10105
-10523
-2182
3846
10924
5806
9524
21596
12899
363
3095
10911
-3853
-7065
-11423
-1614
-13187
-21722
-9940
1474
-10436
-9605
337
20685
13034
2643
17407
19792
10931
4241
7787
13304
-7276
-13219
-8072
-6014
-12998
-21287
-11803
-2926
-9137
-15741
-700
10322
11884
4980
12241
24044
12064
6073
5998
8312
-3106
-17145
-11937
-3166
-13713
-23108
-13837
-888
-10084
-8102
4433
8569
6978
4481
9809
21238
7927
2095
8258
5835
-83
-11386
-7560
-8987
-17258
-20381
-13363
-870
-7031
-12754
-848
12910
2171
4841
11740
20215
14072
10261
12588
8189
-1067
-11907
-9902
-3185
-9725
-26294
-11426
-2975
-12150
-8775
5569
11242
4300
5587
12180
17673
19777
5079
6948
12100
3763
-4217
-12122
-3785
-13997
-23349
-12891
-3126
-9147
-10769
-6448
11548
4954
6743
15825
19202
12207
4951
10109
11606
5195
-10107
-8222
-1426
-13095
-20293
-12662
-2517
-5997
-9939
-1880
12363
8751
2175
9909
13931
16332
6049
11219
11921
-1440
-10913
-12606
-4992
-13956
-15601
-10171
-5465
-897
-14403
-2946
13594
3811
750
12525
27113
9837
1447
8387
11973
101
-13857
-6178
-9972
-9848
-19201
-13519
-875
-6016
-10114
-3271
14389
4070
6734
14342
20990
19069
7554
9431
9305
-2574
-15619
-12091
-6919
-20545
-22058
-10092
-8931
-5260
-7829
-664
12506
7142
6444
15022
18797
12737
3125
9232
7563
587
-15395
-5359
-4387
-9316
-20888
-15055
-1183
-9219
-9705
-1408
8379
5771
8846
10922
17159
10400
3132
4832
11327
1205
-11125
-6079
-3151
-13410
-19209
-13495
-5606
-8304
-8134
2380
11605
9765
-437
14338
23184
18114
6340
10719
10543
-4900
-12800
-7969
1303
-10186
-25030
-13175
-6343
-8946
-7383
-1523
10517
1910
4936
15259
25208
16506
3696
6664
5003
-2134
-2743
-9483
-6066
-14506
-17444
-10609
260
-8167
-10296
1334
15504
6708
7565
11713
24823
14774
4523
7822
10151
3843
-11613
-8069
-5430
-10126
-23375
-14589
-334
-8508
-9938
2383
11437
5280
4697
14145
21819
18213
1582
2949
11549
-414
-7980
-10397
2835
-16817
-19196
-14499
-4238
-9129
-10154
-102
11638
6290
4992
15281
23607
16922
6817
8198
15457
-1877
-9660
-14399
171
-13265
-19986
-13571
-3784
-11323
-17012
1262
10864
10273
2107
12995
19814
11417
6260
7785
12035
54
-12254
-9638
-1643
-9434
-21811
-12881
-2414
-3869
-15002
1526
9844
7193
7395
16618
17578
14395
3571
9871
14123
-6145
-10363
-11441
-2954
-18453
-22006
-13167
-4483
-9518
-7727
-1729
16031
4512
2763
11745
17707
17973
2944
12825
12768
-4882
-11199
-12313
-2533
-15442
-18391
-12253
-7963
-9965
-12124
-2166
13864
11219
670
12373
20782
8826
4178
11263
17456
3826
-16569
-5558
951
-9745
-24110
-11111
-4979
-13949
-11008
-3110
13363
12844
6626
11616
18431
16736
10186
7560
17373
-2384
-18334
-10511
-5401
-9377
-19839
-15665
-5475
-5274
-11212
5107
10148
9278
6109
13163
24293
13454
2708
10457
9056
-3881
-16155
-10685
-8440
-7583
-18141
-13908
-6065
-7269
-11750
-1069
10217
14546
5341
13732
23556
14450
8124
6548
19459
-2751
-10917
-7100
3106
-14248
-19030
-10824
-6821
-6787
-15298
-663
8264
4665
414
14555
19736
10334
4184
7247
11660
-2471
-11395
-10199
-175
-16170
-16346
-7163
-683
-4789
-11773
-190
9235
7748
545
10522
17648
14572
6594
9095
12096
799
-10543
-1445
-5649
-10300
-25755
-12104
-4625
-7188
-11614
-262
5152
6624
5105
15896
20218
13236
3059
1252
5369
4067
-12344
-9967
-6968
-14441
-20793
-14461
-6544
-8773
-19871
698
14766
6562
6176
13989
24912
16012
3437
4326
9680
134
-10058
-11930
-7131
-8705
-22524
-15119
-4315
-10025
-11048
2174
11948
5604
4759
14164
20297
18834
3586
9848
10552
-968
-12856
-4966
-6353
-16711
-18655
-13304
-7639
-8466
-14481
-2159
6389
5858
2300
12143
20179
14395
4901
5488
13265
-27
-8987
-5126
-4024
-12596
-24759
-12327
-6421
-9799
-9908
88
9950
12490
3568
12339
24154
14382
8712
7742
9268
-237
-9780
-8534
-2085
-16710
-18472
-14086
-4825
-8507
-16627
1136
9781
8557
3207
10047
24706
14902
7249
9376
8461
-179
-4351
-8022
-8479
-17272
-22854
-10467
-6430
-9577
-9791
1113
11921
12559
4003
13605
25378
15406
3715
8492
10142
4013
-7684
-7001
-2316
-14974
-19203
-9901
-5658
-6243
-12660
2170
13781
7825
3965
19645
15567
12657
4162
6776
10944
-1160
-13789
-9213
1425
-17133
-21749
-12006
-1884
-4594
-14634
-883
12279
10819
4307
9275
22244
17521
5943
9091
11165
509
-15743
-7482
-5490
-13577
-21348
-16794
-4374
-13789
-11836
-1329
10599
7514
3732
14742
21483
15204
1997
13239
11830
2603
-11193
-9267
-4099
-13832
-23430
-12711
-1084
-6977
-8163
-2694
10425
6958
2277
10009
21892
11847
5618
11309
16160
-4505
-14383
-9767
-7920
-12201
-23312
-16346
-3476
-5689
-12300
-1837
14194
10847
6362
18391
24784
14647
8126
10811
11772
-4308
-14615
-6761
-3978
-8189
-17864
-13943
-2278
-10497
-17222
1191
7352
10537
5830
15088
21792
9502
9631
13111
12814
-1141
-8956
-9659
-4081
-16978
-14625
-9581
-4365
-7413
-9514
170
6358
11732
2641
10570
18975
13514
11350
9293
12368
-1406
-14131
-4940
-6685
-10195
-22713
-17025
-273
-10520
-15293
2416
12082
6638
3815
11495
23921
10903
2679
2228
14422
-3224
-12830
-8404
-2899
-13915
-22360
-14605
-3022
-10554
-11527
-5705
9408
11939
855
8031
20171
13840
7090
3733
14758
3980
-19023
-6474
-7857
-10471
-20960
-17285
-31
-3137
-11237
261
9837
6815
2165
14105
21865
14515
5467
9459
13134
-2676
-15103
-7715
-3279
-12161
-14953
-15689
-313
-7763
-11568
4496
11517
6305
6318
17166
21002
13521
3606
9370
16441
-1019
-8574
-6446
-6084
-10837
-22057
-17109
-3341
-8787
-12368
3268
13028
10325
7283
9338
21616
8894
9303
8141
12405
2483
-15805
-8775
-2533
-9272
-21774
-12981
-2106
-9324
-10785
-3612
9222
11527
2413
15602
26674
17165
5409
11112
11229
3651
-13635
-7706
-3781
-6713
-18331
-15612
-2612
-9263
-14510
-1333
12318
8853
2713
14877
22096
18489
3659
7996
17663
3206
-17093
-5537
-4949
-17437
-22725
-16131
-9624
-11354
-13663
-2154
7261
8960
9859
14506
24700
18252
4561
8312
11904
1758
-12516
-4865
-773
-7830
-18002
-14077
-4416
-7484
-10585
-2938
10134
7417
6978
16022
21608
16109
4558
9221
10459
-1573
-9319
-8464
-9274
-9815
-24314
-15281
-5433
-6360
-14234
1926
14334
6411
1567
13398
16914
13139
6839
12558
10084
1416
-6819
-8732
-3750
-12731
-21491
-10542
-7032
-7840
-10876
-890
13890
7141
2604
14138
21958
13060
7644
7051
9886
-2485
-12479
-6008
-2522
-14712
-22191
-13957
-6434
-8202
-11770
-570
9298
4940
1650
14576
18321
10413
-385
11671
10680
-1309
-6045
-8990
-2768
-13346
-24652
-12144
-2769
-9222
-13239
-284
8615
10367
4676
12673
19271
9767
6606
8416
7181
-1877
-8161
-6967
-4583
-17139
-19885
-12603
-3816
-11571
-8874
9863
10230
4244
5614
16678
23145
16414
2734
6174
10387
1750
-9832
-7607
-2952
-10393
-19751
-12914
-5494
-10899
-12011
3218
4580
6924
3623
11401
21155
10326
739
10208
13999
-128
-12160
-3057
-751
-14434
-21661
-20623
-3300
-6213
-15277
-149
5585
7033
5186
15141
21941
16236
8957
9390
10734
-2477
-13655
-9111
-4249
-13864
-19540
-16811
-9311
-10501
-13090
-4758
7291
6590
3831
13815
25653
12253
491
8529
13997
-182
-12992
-10369
-5071
-15195
-21535
-11146
-7785
-10721
-10637
1008
11998
10136
2168
17659
18365
18047
2025
8687
13699
3988
-13252
-10105
-7491
-10343
-24177
-17128
-283
-8662
-13297
-2754
14003
9534
4267
13380
20288
13074
4795
7041
11018
-6500
-9176
-5125
-6853
-11706
-22374
-15187
-4389
-9404
-16827
606
16023
5883
1092
12991
19821
13987
4292
10225
13153
702
-12771
-6108
-1926
-10377
-20518
-11675
-1804
-6396
-14789
167
8862
6734
6827
10927
19537
16467
2569
7403
8618
2755
-7984
-12380
-6781
-12822
-19128
-15277
-6099
-7268
-13957
3165
8087
4106
10705
13547
21677
9474
2628
9639
8859
2306
-13553
-10406
2877
-16317
-20261
-16837
-9
-6909
-5856
1453
12078
3153
2126
15967
18121
16343
-359
11830
13132
-3724
-4790
-7264
-4351
-11930
-18400
-12418
-4547
-12068
-10270
-289
11823
10717
7518
14924
20405
14888
5166
14251
8066
497
-5833
-8362
-7291
-19136
-24339
-13442
-6607
-6776
-14895
-5271
6991
10898
5413
13490
17683
13092
3578
5260
9800
1163
-11286
-5994
-148
-13286
-22860
-11334
-3472
-9557
-11968
1403
10545
9883
6014
9494
23424
8663
2214
7623
10946
4121
-9684
-10359
-1605
-16768
-18606
-18256
-3889
-3924
-8194
946
12530
9948
6457
16215
20673
10741
2052
7780
9947
4576
-9953
-5480
-3233
-10758
-24063
-15551
-4488
-7148
-9916
1949
10077
8945
2438
13824
21626
14434
2572
8831
10707
-1464
-8706
-15731
-2493
-13012
-23102
-12448
-2219
-10912
-10982
-1427
16545
12447
2248
14841
21191
13791
1392
2607
12683
3787
-13904
-4198
-3958
-9089
-21721
-14406
-4543
-8119
-12579
-5514
9382
2927
4981
14370
15786
19418
1873
8266
8658
-583
-15235
-4684
-7249
-16283
-18535
-9923
-4068
-7915
-8065
1847
11545
9878
11907
14116
20213
16329
5634
13760
10942
3808
-11670
-11971
-6210
-12620
-25502
-17010
-4915
-8783
-7455
880
11958
9578
185
10647
19472
13964
5570
10834
13216
-1770
-11630
-11537
-2171
-10623
-22109
-16424
-1482
-11048
-11169
274
13526
7344
4948
17007
15563
17276
4739
4933
10719
-2206
-11458
-11694
-8010
-14468
-20587
-14737
-6072
-8904
-10221
596
7682
6944
3127
8752
17997
10423
6714
10917
16370
477
-6418
-9921
-5305
-11543
-22332
-11022
-7281
-9745
-7123
-1445
12476
9495
1365
10973
22396
12448
9293
10143
8684
-589
-15449
-11837
-1727
-13426
-25299
-11258
-741
-6570
-6330
462
10966
9650
7240
5994
19982
11591
3842
11444
11869
2188
-9498
-9756
-6425
-14059
-21327
-10250
-2192
-11715
-8050
1028
8985
12321
7966
15888
18532
15323
7815
12674
10525
-715
-9051
-5371
695
-14979
-24602
-11974
-3244
-2055
-12912
366
9890
6422
1449
14747
17280
13604
2011
9723
11241
-4897
-12103
-10848
-2854
-12016
-23759
-9691
-8116
-9482
-16424
-664
11386
3125
6951
18171
19465
11476
4501
12097
10036
-5349
-9859
-6634
-4170
-16111
-15762
-13698
-1944
-5948
-11503
2452
11176
6539
330
15999
18643
7398
3005
13397
11811
-530
-12947
-9248
-4626
-8869
-15441
-17031
-4902
-7493
-8862
113
8344
7966
3040
19028
24573
10365
5515
9815
11444
-891
-9119
-8604
-944
-18970
-20465
-15534
506
-9335
-7787
-1814
10922
9973
5262
12637
20089
10339
4401
8501
7127
-1861
-9164
-8513
-5631
-10777
-18368
-12238
-7699
-3349
-13532
419
13535
9057
1157
14058
19932
14606
2226
3641
10365
1649
-10344
-9702
-7744
-19512
-19417
-14848
-10050
-9242
-4107
-620
14009
10913
5575
10290
21524
16000
2805
11015
11365
-318
-13643
-12309
-4308
-15393
-26018
-10519
-6595
-9625
-8380
-797
6848
9489
6023
10619
16687
10919
7059
9541
3830
-3814
-8288
-6929
-1726
-9889
-21594
-9414
-1125
-8400
-15595
1719
9221
11983
1768
12222
23933
14980
6923
4372
13021
-761
-12815
-5552
-4359
-11625
-20801
-14385
-4327
-8233
-9528
5072
11760
11547
3327
12172
19551
17560
4260
9639
11699
1454
-11087
-6780
-1812
-13609
-20606
-10456
-6303
-2177
-12108
939
7303
6592
3075
9444
20332
17944
4709
15639
10876
-4373
-12507
-10444
-6781
-12963
-25025
-13469
-3608
-10993
-14164
-2676
13259
5290
4265
14361
25256
14485
808
4703
14724
667
-5567
-6775
-2486
-17554
-14333
-12818
-7312
-8145
-10412
-6412
11409
10918
6580
12597
21519
13540
6475
10456
10585
4215
-14315
-11102
-2892
-15381
-20604
-16238
-1800
-11770
-12628
-1197
10886
8092
5337
11768
18251
15496
5334
6630
12308
-1113
-10473
-9413
-7067
-13847
-21014
-8507
-8381
-3029
-12618
-1382
11859
8958
6995
9943
23545
16700
741
7040
6634
-2074
-9470
-10894
-3780
-13215
-23458
-10197
-5329
-6426
-12998
1835
9882
8109
2752
14612
20482
7951
6976
5785
7237
3605
-11323
-11525
-2379
-15786
-18093
-12534
-5137
-4875
-15931
-2656
4200
8787
3794
15636
21434
14945
7210
10211
15055
-2689
-13435
-9378
-5247
-10157
-20559
-13840
-286
-6634
-9432
933
15840
2680
339
10897
24674
14457
1403
6565
14199
-3445
-8726
-4752
-5878
-6708
-22336
-11096
-6533
-10063
-15017
772
12990
9796
5320
15793
20259
18962
8052
6495
12170
-3538
-14930
-11219
-9340
-12349
-22990
-12435
-4327
-7791
-12255
3820
12074
5628
2445
14282
22114
13922
6318
2164
9564
-1595
-8764
-7967
-8362
-14113
-25251
-13575
-5419
-9344
-12842
3445
8652
16226
626
11345
20817
17331
5369
7113
12642
674
-6927
-8859
-3173
-7994
-25228
-12671
-2253
-12319
-4640
-6311
10465
4602
4664
13010
18343
9855
4661
6959
10394
-907
-10242
-8934
-4587
-15301
-22076
-15937
-9156
-15164
-9785
1960
7210
4659
1224
16419
23817
13205
2138
10670
16245
2126
-14228
-8123
-1636
-16939
-19809
-12635
-4434
-12413
-13220
-1322
13500
6382
5951
13589
25826
16250
4592
9802
13816
-84
-11517
-8000
-7196
-15403
-24951
-10762
-10233
-5010
-8985
5927
12491
9843
4484
14882
19625
11578
2367
6658
6074
-4049
-13017
-6411
-5824
-15841
-19776
-8366
-6877
-10825
-9978
1567
12906
10789
2077
18283
21775
12095
6300
6975
10097
5720
-10880
-9496
-4638
-18998
-19808
-13253
-6887
-12078
-14977
2133
11517
7730
7148
10626
22272
15245
6008
11205
13434
-1936
-14362
-11898
-5929
-15268
-19455
-14897
1259
-9737
-9572
2231
12282
6801
3903
10314
21840
15799
6060
10019
8756
-1687
-6009
-6277
-5919
-9621
-18975
-13341
-4341
-6127
-12776
-597
13781
8942
4728
13637
23110
13582
-61
4535
14676
-1296
-11151
-11676
-7692
-11070
-18285
-13496
-6509
-12199
-11560
-1174
12105
6842
6668
14871
24115
11602
671
7975
12441
-4592
-9034
-11016
-4595
-11125
-27336
-18403
-754
-3467
-11999
2774
11348
4701
2095
11262
18911
8879
3761
4339
11715
485
-8615
-9532
-2933
-13147
-22405
-12144
549
-3376
-7287
-5731
13560
6871
12619
10255
20083
12024
6882
7010
12554
-653
-7208
-8151
-2008
-15946
-21847
-14576
-4759
91
-8206
-1641
7693
7690
2082
14293
22596
17009
330
9148
6452
-4090
-14650
-5784
-4279
-11617
-25764
-15025
-4537
-7221
-10700
-1815
14550
10273
1997
9427
23516
10725
3231
7186
13251
1688
-10637
-11974
-6217
-16518
-20482
-13866
-8078
-12376
-5486
-6
15294
13959
-2482
15510
22895
13475
3978
4661
12042
-201
-7190
-9651
-4638
-14910
-25252
-10277
-9487
-10064
-10703
-583
11189
4520
1612
9861
19971
15832
6349
8694
11086
1267
-11343
-13769
-353
-14043
-23455
-11170
-1608
-5357
-10070
-5095
11004
11738
1774
11673
22562
13144
2752
3583
8530
-418
-12951
-9417
-6896
-12560
-15316
-11614
-1969
-12696
-9386
1374
10450
7875
6552
12474
21939
16723
9303
8818
11273
-4428
-14633
-16352
-4418
-14640
-20962
-10353
-8419
-8421
-10572
1200
12876
8258
-1826
15660
15963
17514
6380
12119
11781
-2015
-11470
-13734
-4601
-7072
-23706
-16225
-3963
-8169
-11763
2455
11436
8818
8049
4379
23887
15518
9246
6429
10297
3281
-7928
-8950
-9976
-10834
-14621
-15635
-4654
-9348
-8268
4171
8966
7136
-280
12992
19677
9021
7029
7455
13611
3102
-12472
-8060
-2321
-13915
-25061
-12074
-1204
-3395
-16028
-4626
12757
11802
5399
19299
20474
13805
90
9890
13738
-2858
-12211
-9823
-3018
-15265
-20829
-11790
-6312
-9638
-9001
-4121
11015
3706
2217
15344
25148
13263
1937
10711
9227
1219
-10000
-8880
-3545
-17346
-19242
-7602
1487
-9913
-9388
1414
8808
9618
4976
11958
25166
11430
4772
7697
8092
4702
-15071
-4904
-3704
-12649
-21948
-11416
-3306
-8224
-16881
471
12290
5858
7112
14296
14087
14924
6081
10297
13988
4341
-16304
-7658
-4338
-11818
-24175
-13873
-3381
-8370
-16374
-475
7377
8391
3215
15127
17753
15780
3183
12577
14898
2130
-12809
-4465
-5980
-15671
-23262
-11074
-2373
-4782
-11575
5428
11813
8199
7158
9072
21855
12430
2103
4836
8283
-2025
-15335
-6043
-6749
-12991
-14791
-12397
-2664
-6867
-9866
-5270
14363
4030
9370
12366
18290
10272
7237
7536
11414
12
-11042
-9661
-1405
-10908
-21227
-9898
-6900
-9778
-13836
-2774
9414
7660
10026
12955
15592
16827
4261
9603
15175
-3669
-8366
-9617
-6015
-10696
-22635
-10494
-4205
-6664
-11338
-2470
10263
10011
7783
12738
18999
12267
6136
1870
12369
1565
-12918
-8581
-2479
-15539
-18956
-12613
-3506
-7552
-11288
3941
14274
10102
7439
18099
20926
11713
4398
9364
12284
-6633
-10034
-5119
-5122
-17150
-21647
-10144
-3247
-8678
-8727
4017
7931
13292
4045
15609
19529
17069
-387
12658
11048
-2029
-12888
-786
-6290
-15451
-27924
-18611
-6684
-10703
-5350
-1949
13374
10275
1134
16873
20636
14538
2940
8089
15055
2460
-12729
-4007
-5945
-12711
-23763
-13593
-8223
-8457
-12700
-1664
7371
7469
2237
9139
25736
8200
1653
9138
12618
-1068
-10770
-9465
-3609
-11365
-22077
-11758
-2756
-8154
-13347
1772
7412
7956
4255
15407
19940
13375
8681
7456
10399
892
-8915
-13887
-5660
-12211
-21416
-18591
-6061
-6427
-13668
-809
12956
11660
9539
10360
19176
18279
3354
6502
13443
582
-9729
-4612
-4009
-14796
-23464
-14724
-5407
-11004
-8439
-1877
5563
11496
7708
10245
19287
10200
2309
11728
9728
1540
-11085
-10082
-2800
-12460
-20930
-12758
-4463
-9393
-11996
-904
9133
8524
6612
17786
22944
13962
9092
7481
9227
-1080
-12666
-7721
-4506
-15050
-20342
-11899
-1005
-10663
-13370
1237
10321
11684
7229
10857
17295
17160
730
8276
11743
-5018
-14688
-12156
-4551
-16281
-20099
-18660
-4449
-3885
-18275
3319
13317
6094
3072
12179
19327
16264
7091
10572
14660
-5453
-8036
-6786
-1918
-7519
-19826
-13430
-5431
-5186
-7775
-1551
10857
11084
1585
10567
19893
15386
972
1165
14598
-1661
-8100
-5695
4354
-12553
-18747
-11358
-3882
-6568
-9324
1006
10379
7459
3989
15739
22738
15634
2397
12006
9752
2364
-9602
-4748
-6829
-11461
-20054
-10410
-1321
-2409
-11255
3276
10967
7942
6203
14445
21493
16253
9642
7487
11135
52
-4985
-7295
-2979
-8774
-21428
-13993
-3562
-8273
-14042
-711
15486
3906
745
15287
24427
14705
7771
7844
8699
4520
-8731
-10558
-5123
-12497
-18241
-13286
-1054
-6404
-10235
-534
10516
7295
3809
11266
21032
11369
5718
7025
12108
4048
-9505
-12906
-6418
-12403
-21184
-13544
-5151
-10279
-6629
709
6770
5386
6843
13032
26124
9906
-952
7798
14360
-2563
-9891
-2910
816
-19445
-22590
-14938
-2638
-8116
-15454
1328
12690
17302
4765
9966
12758
8574
-915
3241
11200
1248
-12315
-6916
960
-15069
-23326
-11685
-9161
-10454
-12455
-3078
11577
9992
8511
14004
17297
15558
1209
6186
10891
356
-13570
-8928
-2930
-16019
-23311
-9892
-3797
-4852
-12338
1651
16658
6102
2072
13940
23132
8135
2786
12711
12992
-1221
-7017
-14849
-6518
-11668
-17695
-15450
-5779
-8168
-11790
2552
9565
14069
4174
11251
21273
17217
7404
5313
11308
-5568
-14523
-4704
-5526
-16399
-23976
-10608
-1085
-11377
-11829
-4533
11309
8600
4066
10809
24252
15047
5540
10686
8264
3830
-9834
-7344
-1661
-12254
-15329
-14154
-8532
-9659
-14699
3331
10077
8597
3467
13157
18689
13616
2153
6325
13085
-1836
-14647
-9835
-3762
-14908
-20724
-9303
-4113
-7758
-10046
-3501
14919
8435
-1405
14239
18510
6568
4476
7704
9759
2024
-13235
-7521
-6460
-12544
-16791
-14741
-2870
-8085
-13257
-654
12889
8081
5776
7777
22135
7968
773
2778
9722
-4422
-7717
-5954
-6582
-13416
-21716
-6411
-4802
-4728
-9897
-491
9205
9700
-1128
12680
17115
13225
5046
7366
9826
-1971
-13356
-7187
-8023
-14123
-23404
-19804
-7251
-10727
-13330
2861
11320
11169
4848
16203
21491
11238
400
8324
14914
2723
-9330
-8405
-8628
-12374
-21188
-11209
-7220
-5442
-7990
6520
11595
5618
3578
11497
23170
16105
6102
8368
9414
-2357
-15257
-10082
-2559
-13704
-21372
-14281
-3694
-12117
-11161
4626
15652
6646
2480
5695
23889
13892
6102
9589
7974
2384
-14475
-10987
-5180
-13354
-23257
-13227
-1088
-11118
-13452
1199
9097
9143
5419
13164
23896
11071
406
5425
7397
-854
-11042
-6011
-1765
-14257
-20960
-20071
-6570
-4963
-11468
-3451
11916
5023
4008
15347
23337
13758
4420
10862
11683
1239
-11802
-6760
-6297
-10338
-23906
-16530
-4122
-7052
-10017
508
13627
1182
5473
15142
20855
10441
2316
9078
8476
-247
-10978
-7618
-1974
-17784
-19213
-12108
-768
-8832
-16133
-1820
13659
8694
1082
9803
23840
10246
6316
1122
8560
-761
-11170
-11525
-2454
-8605
-18846
-15162
-3709
-12832
-4903
673
9282
9307
5154
10851
19727
10171
1682
10033
17614
6335
-12671
-6711
-6546
-14898
-14699
-18285
-6929
-4851
-8364
491
14190
6891
7784
14003
26235
12046
8753
8927
12632
1565
-12705
-7526
-6116
-10155
-21604
-10750
-4035
-9623
-9885
742
12271
5115
9366
14274
23606
14057
5669
7641
12331
-2412
-8969
-10164
-1983
-16553
-21797
-14782
-3363
-5371
-5472
-997
13463
7866
6832
12539
19726
16074
6300
4117
11789
1433
-8482
-9284
-1904
-20397
-19051
-16806
-6428
-17293
-14589
1749
8001
7680
10291
11830
21435
13049
-585
7316
9392
-2835
-11258
-4839
-3288
-15608
-18263
-18759
-8804
-3477
-9388
-1343
8826
6302
5417
16558
15312
14258
5113
10410
15366
-130
-10959
-10464
-4351
-13429
-16148
-8929
-3810
-11997
-14769
-514
13734
11845
2527
12441
21855
19413
7562
6545
19519
-2553
-15507
-8864
-5832
-13408
-20419
-12239
-5364
-14017
-14786
1010
10776
12519
3211
14405
20414
15261
2774
6818
1074
-5223
-8436
-11137
-3652
-16104
-23425
-12237
564
-818
-8646
2672
15215
8371
5897
13465
27611
11783
343
1394
8572
-1267
-11321
-4687
-5666
-16493
-20442
-16172
-7539
-4262
-14784
-5670
11887
6782
6790
10844
25480
11791
1858
7398
7518
597
-12804
-7495
-516
-12038
-15719
-15282
-939
-9966
-12943
-3996
13441
16846
4371
8642
22169
12263
3639
11013
13608
-2204
-9943
-10401
-6484
-13718
-20769
-11649
-1067
-3220
-12088
1614
11495
2793
5197
11798
20748
15473
4288
8487
10320
609
-7812
-5842
-2481
-11591
-20217
-11805
-4245
-7466
-12427
-4346
13880
14597
2877
11766
23093
13418
3018
9509
12374
426
-13750
-8905
-4922
-12557
-16300
-10851
-5876
-10393
-9977
761
11549
11814
-187
12944
19348
14353
2452
4422
7760
3520
-10683
-7323
-4363
-12759
-16834
-12398
5011
-8466
-5824
2651
8788
6106
4405
14677
16811
15011
3911
11216
11636
-75
-8865
-12144
-5435
-16025
-24550
-10955
-5929
-6732
-12249
-1132
10959
6478
3072
10482
21880
7227
4944
11880
11268
-3198
-11210
-10539
-3027
-11404
-18342
-14044
-5350
-6136
-13717
-2785
11489
9901
7638
12536
18753
10654
6511
6346
12762
3148
-8817
-6681
-10319
-16242
-20113
-11130
-3773
-7155
-12361
773
11292
6636
-1136
14378
24498
9172
-1159
7791
9683
-5303
-9884
-10724
-2161
-13066
-16545
-13677
-3095
-4928
-8795
1409
17297
5827
2511
11420
23596
13178
2355
9947
10609
4635
-9705
-9346
-9098
-11894
-21882
-10978
-1018
-14931
-12836
2700
10222
7769
-1301
8159
24077
14520
4704
6472
16108
-1426
-16380
-8832
-4190
-12878
-24063
-12865
-5354
-13035
-14661
2890
6007
5602
3284
15499
20916
14273
3277
9067
13523
-2529
-11930
-12557
-4409
-16887
-20045
-13184
-5741
-5421
-14631
4367
14033
7765
3760
10429
21308
15495
3723
8590
12603
4536
-14370
-8372
-6749
-14545
-20591
-13126
-3745
-6762
-14524
785
12835
5790
4869
11792
17883
12595
3129
7906
11411
1467
-10151
-4284
69
-12850
-17807
-12955
-5003
-14637
-5616
-124
10080
14725
7170
11247
17472
15021
4668
11213
6386
-980
-10733
-14866
-5713
-14007
-18169
-21523
-5226
-11001
-13386
183
8020
8687
2916
12542
19448
14831
2585
10024
9402
-802
-7931
-11023
-5459
-14272
-20336
-12725
-7681
-6391
-10624
-1191
10653
6969
4850
13774
20627
20822
7008
5625
7254
-157
-12329
-12518
-1558
-11785
-20160
-13652
2055
-6575
-11037
1875
13105
8129
666
14040
23206
12045
910
7153
11366
-4012
-8872
-9004
-8062
-14294
-19230
-13901
-120
-5138
-13209
748
11459
7619
6119
13558
19480
12687
3977
10044
16273
-2740
-13211
-9607
-5896
-13189
-17865
-13982
-603
-6299
-18376
-1354
10289
3749
9190
8364
19576
12794
2176
7427
2429
1446
-4846
-7958
-1440
-11318
-23896
-9975
-3697
-3594
-11640
4689
11033
5376
2120
17704
21564
15065
5169
5604
10820
-1220
-10051
-4828
-4202
-15560
-24705
-7239
-5199
-8581
-8969
-1985
11385
3875
5268
11912
21679
14824
8494
5831
7443
-3036
-15571
-7685
160
-13421
-20413
-9111
-1174
-2893
-9273
-160
13831
3784
3734
13598
24357
14223
2898
6303
7893
3610
-10805
-8834
-5406
-11508
-20030
-15620
-6019
-9281
-13299
4844
10447
7273
3556
15766
22515
18090
5211
8689
15701
-2334
-15418
-9513
-4786
-17164
-24060
-11576
-3404
-8003
-13485
1236
6080
5598
6509
11880
23504
11676
904
6290
9520
2290
-15552
-8165
-4544
-12303
-18386
-16140
-1964
-10686
-11223
-535
5084
6917
4068
7299
19314
11452
3747
5419
7923
-872
-9417
-7163
-6178
-11705
-22371
-13773
-197
-8347
-10493
-687
9911
1339
2769
15634
21044
14605
4025
8685
10706
-767
-9181
-10153
-6237
-14822
-21477
-12413
-3707
-9730
-13929
-6933
7914
7110
3807
11212
25457
14630
6157
7100
13589
-2386
-13193
-6522
-5420
-16569
-22907
-12392
-9451
-5364
-8000
1913
13434
-259
181
10942
22768
13637
4204
6246
9973
1175
-13554
-8348
-1191
-13465
-20524
-16039
-4631
-8736
-9119
2139
14826
6918
2757
9815
18270
10212
1456
8587
12239
-2619
-8458
-9599
-11038
-12891
-24350
-7582
-1976
-11832
-12448
6309
12334
5814
3287
12063
21187
16586
1461
13716
7786
3265
-12340
-11374
959
-15410
-18827
-14950
-6300
-5801
-15454
502
9466
10953
6763
8956
19006
13308
5797
5365
6174
-5025
-8177
-8624
-5770
-10318
-21187
-9134
-1913
-9777
-8921
-2337
12078
9721
6773
21015
18795
10830
1885
16784
6415
-3131
-14689
-4978
-2038
-8775
-16883
-13005
-3809
-8608
-5580
2294
13478
6213
2582
13902
20823
14116
1786
5566
13148
-4594
-12311
-8189
-5271
-16180
-13119
-8023
-1761
-7075
-10745
2330
8164
3847
4655
11392
18509
13361
2375
7607
13905
1413
-9717
-11319
-7319
-15202
-14901
-13547
-3369
-1134
-11196
3855
10016
8712
-2602
12656
17884
15210
7703
7908
15119
-1562
-7083
-7804
-208
-9004
-23380
-15786
-2498
-6772
-17414
-2231
9304
5542
123
14498
22209
16144
1258
7990
14569
-1742
-10279
-11980
-4108
-13427
-18462
-15580
-7409
-8405
-12129
654
12838
5192
5113
13191
21049
9582
1521
9291
6144
-801
-5649
-4657
-2669
-9256
-20815
-14496
-3280
-11776
-9048
1649
10966
6773
5969
9956
22176
17628
6164
10299
13966
-630
-14754
78
-6283
-12559
-23012
-10489
-3389
-5857
-12086
2901
7685
6480
6947
11416
19223
6186
9080
10616
13477
-209
-7652
-13096
-4934
-7404
-15980
-13169
-7005
-8980
-7113
-2425
14498
1416
8594
10241
13522
14496
6788
10211
16307
777
-10377
-5862
-7448
-9674
-20526
-7897
-400
-8709
-11570
-1977
12932
7411
8721
10222
17104
13548
2100
3438
8740
2766
-8603
-10863
-5613
-12534
-21125
-12469
-6429
-11127
-12262
153
14956
2930
4303
13700
20570
16399
8743
7992
11053
3989
-11271
-12559
-6134
-14849
-22427
-18361
-5610
-7944
-11669
288
15464
3890
2238
14820
18551
12031
3133
8278
10663
4038
-7714
-8594
-1048
-16629
-20595
-10485
-2650
-4898
-8280
2909
10979
10998
1843
14221
23315
14770
2152
11067
13199
7272
-11321
-6577
-1315
-15006
-16709
-10982
-2661
-10311
-14405
216
13576
1582
6421
13470
21186
11784
4507
6161
13198
1695
-11289
-7410
-1331
-10957
-20870
-15049
-6038
-13242
-10008
-3932
14563
7489
5350
11913
21509
12945
8199
6389
11834
-1747
-7453
-8015
-6217
-7172
-22438
-15282
-7242
-6631
-9400
1401
10882
6877
5421
12065
20762
12006
6833
4386
12047
2307
-10102
-3185
-5563
-13974
-22590
-15493
-5384
-10679
-12391
-4606
10490
9069
2673
9037
19161
9210
4991
2032
6730
-2910
-9538
-7550
1865
-8602
-22039
-16360
-1070
-3859
-15911
1713
11917
7469
10917
13621
15261
13137
5719
8016
14220
3343
-5928
-3599
303
-6116
-20692
-15478
-7228
-6348
-16608
-3865
16346
6856
7235
12155
23615
10749
6248
10437
10047
4124
-7834
-12081
-6129
-9834
-15936
-13097
-398
-5317
-11727
-1527
13633
5111
5324
10004
19648
11115
13174
4040
11331
433
-8553
-10783
-7032
-16390
-20491
-17221
-5036
-1516
-11438
163
10203
9889
4113
10299
32767
13795
4245
11900
15281
699
-7067
-6135
-6788
-17975
-21008
-14101
3268
-10878
-10039
381
11265
9873
6607
11616
21670
12250
7404
6819
13456
3080
-10025
-9493
-4091
-13087
-17325
-13760
-1635
-9102
-8144
1806
12368
8141
7039
14094
22139
9888
-2115
4923
11836
-5177
-13860
-9720
-5515
-14731
-20269
-15847
-3447
-14592
-5709
3837
12103
6820
7926
13391
25177
14687
4508
7018
11046
272
-3082
-12932
-5877
-16409
-17866
-12994
-5234
-4952
-16813
2268
13539
6648
1692
12262
19321
14262
2676
9777
11571
-3461
-10051
-9605
-6189
-15096
-24806
-13936
-2799
-7743
-12665
-23
14619
4141
8907
10468
22417
11123
2963
7902
16496
4506
-13690
-2605
2338
-10397
-21978
-16798
-4627
-7975
-12810
1298
9494
13229
-268
16073
20557
13172
5415
12234
11799
-3414
-9466
1502
-6718
-14814
-20900
-10662
-11717
-8049
-10722
374
10638
5664
5335
10825
21142
12813
2173
9187
6242
-760
-11827
-10122
-2139
-16332
-19916
-14935
-2888
-9306
-7463
-1945
10028
10130
3802
12022
18317
15585
7293
11397
10581
-2505
-17407
-8831
1
-11853
-18744
-12665
-6897
-13251
-7111
-900
13724
8027
2499
11919
17388
15119
6461
12190
7421
-139
-8076
-7144
-9066
-13066
-19205
-15376
-6617
-8467
-10721
2294
9065
6794
-1543
10180
18650
14182
4443
12414
7929
1436
-9304
-7189
-6452
-16250
-21402
-16772
-1024
-13526
-14752
3633
8401
7768
1478
15217
17076
18132
1337
9770
6607
956
-12740
-7333
-6902
-8515
-21625
-11282
-2631
-10777
-8562
-2874
10160
8428
2539
15411
23417
15935
4950
899
12045
1152
-11132
-11030
-4425
-12838
-16791
-13603
-6773
-4538
-12428
1871
7131
8305
8067
12693
20843
10939
1426
8693
6499
-2389
-12963
-8307
-5906
-11511
-24022
-16068
-6435
-9746
-10941
-5150
13818
10870
452
13127
25954
13741
2515
6980
10650
-2541
-11863
-4392
-7097
-12096
-25436
-9946
-9190
-12408
-11070
1046
11752
5495
6523
16303
24645
13157
6093
11985
8988
-1984
-7969
-8962
-2519
-14804
-22838
-12540
-4334
-9426
-9971
-4621
13201
7067
-1954
13551
18180
14977
1942
10333
12520
-2632
-16791
-8182
-1020
-12156
-24736
-16782
-4540
-10711
-8817
1111
12218
10747
2025
6451
24767
14582
-936
8505
12285
-3114
-8454
-7978
-9818
-14426
-22769
-8063
1945
-1979
-15607
2763
15742
4232
1272
11717
21472
12512
2112
11037
11490
3352
-10941
-12579
-74
-13788
-24137
-13371
-4815
-6847
-13727
-473
8275
10030
5288
14712
23193
12056
2975
9675
12023
-3467
-12014
-12036
60
-17162
-22876
-8716
-90
-7814
-6689
-202
9751
6703
2196
15216
21413
10551
2096
2699
9604
311
-6910
-11718
-5170
-14744
-18329
-11920
-7649
-10316
-12309
12
7924
9035
8359
13618
19973
12660
5921
7174
15940
2105
-12933
-6116
-6501
-9528
-20283
-9748
1977
-5159
-6568
-4007
13159
9390
4510
14250
22180
13133
4883
4936
11208
3998
-7716
-6092
1030
-12925
-21013
-13827
-5635
-3819
-6156
1694
6975
8159
4528
12979
26107
10074
3782
5819
13078
-29
-14745
-14610
-317
-16446
-20906
-18853
-5663
-6551
-12354
-1520
13503
8293
7333
14452
22088
16127
4784
5422
14740
1681
-9230
-8356
-3495
-19043
-23986
-13647
-3268
-14254
-8823
-1512
10481
11412
-1045
16982
17904
11068
-1200
6066
10082
-49
-15556
-4904
-6746
-15644
-20534
-13123
-4096
-7269
-8461
-576
10649
5700
3785
14617
24908
14682
3816
3503
12138
-394
-9341
-9761
-3088
-13930
-15914
-15397
-9743
-5969
-8396
534
11364
8586
2682
11930
21185
9823
5971
8956
12561
4727
-11573
-7235
-8405
-14704
-19221
-12034
-3697
-5230
-14540
754
9863
8333
4839
13957
24044
10059
2571
7414
9529
3257
-11561
-7465
-4413
-13825
-17643
-12547
-2658
-9928
-10209
3911
9999
7497
4905
10933
22965
13718
7463
7810
10538
-380
-9837
-10197
-10059
-7420
-16886
-11451
-4176
-9308
-11931
-2826
16183
3331
10741
11223
22113
12546
3680
8736
12480
1042
-9346
-6684
-2052
-9073
-22490
-12356
-5208
-5358
-15581
2893
12101
8309
6661
14556
19416
12080
7938
8014
12284
4498
-10056
-5654
-1921
-15200
-23253
-13724
-3950
-9159
-13067
2700
7961
5010
7570
13371
22270
9818
2550
4316
12640
3385
-15188
-10803
-5667
-9813
-18117
-14131
-2857
-7284
-8323
3410
9611
6968
1011
15631
18245
15432
2214
8252
9155
-550
-11518
-8873
-4284
-13818
-25120
-17701
-3671
-8158
-8094
2567
5787
10944
-1194
16491
19886
13960
2923
8396
16896
304
-14151
-7650
-8172
-11681
-19790
-14123
-3637
-9485
-10070
-2480
11528
9033
8573
9340
20844
6294
4510
9820
13714
1100
-15815
-4015
-6522
-9740
-24897
-14652
-1002
-7986
-13534
5406
10473
3914
2255
13499
19501
9208
2673
11313
9725
-888
-9814
-10208
1277
-10574
-26065
-11771
-6407
-3803
-11809
-757
11953
5950
7206
13066
21593
11618
349
5794
12574
-81
-11758
-3935
-4288
-11676
-24986
-11606
-3348
-8447
-10005
553
9758
11911
7690
12540
19399
15667
9302
6353
10253
-3824
-11789
-9518
-6902
-13044
-19372
-12830
-5835
-12957
-7985
2040
10287
11749
3580
11962
24003
13885
1150
8118
14842
5467
-8429
-8036
-6323
-16001
-25152
-14432
-3948
-11079
-12501
3174
10030
7451
7508
17776
25051
15873
5296
10967
14341
-676
-13696
-8956
-4568
-11820
-20765
-15016
-8160
-10842
-9179
-29
9688
7536
5044
12623
20546
15376
4864
6083
13652
-5255
-9760
-6461
-4663
-10298
-17429
-15311
-3514
-8746
-8469
624
11624
13816
9094
12971
20178
18003
143
8168
8886
7254
-10578
-4758
-2816
-10472
-16838
-13880
-7544
-9096
-11254
-848
8359
9254
2360
12386
22774
12722
-295
9987
11838
-3345
-13608
-6862
564
-16088
-22485
-11772
-5006
-7640
-12958
-5346
13436
8382
4765
20845
22838
17957
4833
3996
11625
-2320
-13247
-6231
-4057
-12978
-25455
-12152
-28
-5785
-14185
-1858
12817
8950
4252
11093
21288
15073
3368
10422
10818
750
-12760
-13685
-4705
-14908
-24167
-16872
-1270
-5920
-14052
-1712
15218
10419
5675
11098
19804
11903
3341
8844
12872
2739
-15538
-12511
-5882
-14820
-22637
-10707
-7526
-1449
-12629
-6457
9829
2944
1598
11535
22089
8687
9071
11288
16031
-2622
-12073
-8189
-2596
-14141
-26940
-4973
-2905
-7574
-11473
3046
7741
4928
2280
17098
23333
9251
1893
10046
12331
2730
-9496
-7456
-1091
-14895
-23521
-13446
-6336
-7802
-6677
3350
2760
11525
3925
14841
18428
10582
3891
8303
10887
-549
-11244
-4653
-5097
-14609
-20445
-11040
-9959
-10170
-12526
-972
15460
13726
4232
12736
22600
13759
6719
9946
17402
744
-11644
-4132
-1406
-13169
-21433
-12078
-4423
-8500
-8604
2269
13021
10697
1585
11869
20644
12329
1335
9249
11513
1656
-6901
-10582
458
-13549
-14024
-10708
-5874
-8325
-13223
-2617
6858
8484
8679
10739
21940
10718
-1416
11091
14568
75
-15612
-12277
-3354
-17166
-13895
-14331
-1301
-8825
-6386
-2358
11548
3892
8694
18588
24601
8758
3595
3601
12048
51
-12686
-9828
-1124
-10952
-25478
-17350
-4729
-5818
-9167
4356
10907
10313
6429
13044
20354
11462
3841
5778
13199
364
-7827
-7065
-3794
-10606
-23198
-12255
-3895
-8111
-6132
-1035
9357
9270
9527
15592
22796
13137
6946
3849
12129
6849
-7661
-9842
-8089
-7483
-14990
-7143
-4256
-8622
-7922
-628
8288
5722
649
11750
18656
10100
5860
8192
9165
-2499
-10870
-7608
-4482
-17586
-19135
-9106
-1632
-10352
-7777
324
8752
12731
4756
13241
20129
8010
4970
8674
12593
-2013
-12576
-10112
-3201
-17866
-22948
-12075
-2377
-9187
-16499
-3021
10336
9236
850
15031
23246
18138
5788
6178
9847
-6466
-12567
-12438
-7771
-9988
-22513
-14738
-12381
-7072
-10589
-2808
13615
7808
4357
11279
24854
16800
4394
10028
14076
-5420
-7913
-8351
-6435
-12382
-15792
-14817
-5451
-8014
-10172
290
8819
6665
1199
13713
24512
17485
893
9032
10245
-1578
-11957
-8727
-1803
-10474
-19246
-11373
-7651
-3620
-9430
753
11338
8607
3925
17968
23960
10549
6399
6591
8911
-4698
-7218
-13431
714
-13662
-23253
-11618
-2855
-8022
-15356
1401
11075
9146
2948
12277
16715
12779
2774
4545
12654
-403
-12893
-10009
-4158
-12861
-19150
-12707
-5942
-6962
-15021
-2273
11051
5208
7139
15533
18452
15603
6495
6487
14493
2280
-17424
-6116
-5179
-10569
-20276
-16567
-4795
-3638
-16808
1822
12724
4730
-2478
6244
24297
14783
3346
16419
16127
88
-8240
-12408
643
-11083
-19524
-12801
-4943
-8905
-8456
-5252
11376
9894
2272
20844
17628
12114
3516
4938
14867
-3508
-13997
-3142
-6616
-12578
-20879
-16713
4
-7277
-15803
2159
10791
7456
676
15220
24631
15207
5374
12453
9391
-978
-13131
-9479
-7481
-14416
-21716
-14459
-4231
-8561
-14406
7337
7463
11602
3030
15201
22650
12755
4968
11652
10612
275
-13727
-7440
-7213
-14584
-24645
-21278
-673
-8040
-10125
-1788
13421
6551
3875
10902
19178
12238
3168
11507
12954
-2125
-10198
-7160
-5163
-10636
-20808
-15752
-3426
-5545
-15278
1156
15758
9704
472
14690
15686
8220
-1270
9843
10643
4850
-6548
-10282
-4286
-14422
-20285
-8780
-3345
-8815
-14655
2236
7561
5186
7468
17572
20563
15104
6626
12491
5736
-6325
-11736
-6440
-4825
-17086
-20620
-13887
-7988
-10682
-10942
1066
12976
8205
4239
6112
21136
13679
5892
8561
13043
813
-9610
-13141
-694
-16058
-19358
-11442
-3261
-9437
-11088
-3806
15094
4737
5297
15753
19295
11468
3350
8696
17166
-322
-7585
-8012
-6487
-15589
-21588
-11229
-6958
-3407
-6821
-1232
13810
8410
6376
15579
22254
16455
-408
4559
8838
-125
-15326
-4231
-4483
-12461
-27913
-16592
-3778
-8290
-11542
-162
9642
7853
1374
13488
17324
12775
5771
9499
14101
2047
-16151
-5518
-2552
-10448
-17487
-17365
1418
-3785
-15560
-720
13240
5487
5725
15427
17275
11046
5230
8918
8528
-4848
-10302
-11452
-3821
-14510
-22239
-13458
-3254
-7345
-10399
-994
11907
12571
3372
13871
19004
15163
2408
4481
13057
-3369
-5292
-8262
-4125
-10288
-19081
-12577
-3659
-2795
-12823
-1779
13290
11680
5919
12323
20659
8990
394
11449
12682
-952
-9800
-7235
-3605
-11401
-19108
-11211
286
-10977
-16275
209
13348
6262
8435
17666
23626
12454
2917
6579
13472
-1688
-14387
-7795
-6308
-11275
-18035
-14930
-5816
-6484
-11036
890
12330
5911
6831
15446
24313
12646
8778
7914
8253
-3052
-10671
-3129
-8113
-7838
-24998
-14858
-3244
-4991
-13240
1873
11458
7061
3456
11003
23534
6640
3974
13826
11309
875
-12041
-5405
-4069
-7451
-24771
-9165
-8715
-13064
-6802
-1208
11187
6955
5340
15228
20823
11349
5578
6897
9823
870
-14261
-5941
-3208
-14213
-17417
-15958
-797
-6651
-10415
2766
11540
11602
4859
13946
18728
10043
4702
7004
6743
4682
-10148
-10486
-3620
-15571
-19781
-12699
-1348
-9399
-8698
1184
15268
6044
4146
9143
17640
12306
-321
11023
11328
-1524
-12093
-6845
-3403
-14984
-19049
-14495
-156
-9974
-10662
1071
10431
5657
4034
12831
21564
17245
5087
12185
8068
897
-14233
-7903
-5920
-9641
-19287
-14010
-3766
-5300
-7797
428
11369
9757
1286
14662
22204
15601
7645
9137
10640
3201
-5061
-6941
-3869
-7809
-24070
-17316
-3913
-5867
-9647
3442
7000
7359
3702
13525
18065
12376
-3748
4922
12276
840
-10119
-9877
-6652
-11400
-23125
-10516
199
-9249
-12322
2413
13738
8292
1996
14074
21824
13695
4821
5522
7315
-2684
-12512
-6799
-5200
-10148
-17014
-14592
-3712
-11729
-14111
-1208
14756
10109
2173
8566
21183
17060
-1750
7782
14148
-1295
-11206
-10679
-3445
-12727
-23451
-14298
-6646
-7964
-12764
-46
10635
14089
5440
13602
18045
10014
1564
9465
10306
5409
-13709
-13868
-3763
-13969
-18514
-12370
-7935
-10065
-9366
1680
7071
11877
4800
13114
19798
11327
7476
2104
10388
1402
-10537
-11262
-2804
-13726
-22627
-16263
-5052
-9205
-3389
2776
11491
5984
8738
14321
18019
6510
6190
9606
7935
432
-7601
-8733
-822
-11313
-21523
-17440
-9518
-7383
-14022
1574
7526
7986
4641
12594
21922
16247
11959
9047
11218
5156
-8517
-3343
-8116
-14190
-20878
-14605
-5665
-13223
-10410
3052
15799
7922
4153
8436
16982
18916
-1760
3357
10367
1058
-14427
-8677
-7979
-12334
-23133
-14506
-10187
-7896
-5608
-4404
11953
3260
2805
6502
23037
16291
3071
6547
7691
-116
-15812
-7938
-1384
-15440
-21837
-11699
-3851
-4977
-10627
-774
11475
9579
7937
12403
22449
14722
4338
7034
11255
-1090
-6082
-11162
685
-13084
-21387
-13085
-2665
-6683
-13558
-1883
11614
12425
10658
11892
21325
11662
3523
11441
12230
-602
-11442
-7985
-2730
-16201
-22223
-19660
-8140
-5672
-11429
1901
11419
8040
960
11453
19386
12903
66
3253
7015
2054
-9139
-8001
-7060
-11311
-15440
-16331
-4391
-4891
-11585
-2164
9895
7748
5488
13323
19723
14807
5077
11135
7387
447
-7696
-12420
-6213
-14690
-18690
-10884
-3784
-6003
-14185
-4786
6057
7724
816
13249
23700
14204
4168
4080
7472
3339
-11267
-7371
-6875
-17112
-21099
-16137
940
-10431
-10645
830
10965
11611
8370
13969
16845
11513
7530
6611
13748
2847
-12240
-10831
-4457
-11251
-27634
-15503
-5052
-11200
-11572
1001
5346
7950
8327
12176
22824
13541
1000
12035
13609
1731
-11492
-4124
-6156
-11981
-16480
-14381
-7560
-8681
-15892
7796
13279
7664
1979
15005
21768
10295
8810
4943
7273
-5813
-13148
-9167
-5386
-12104
-16668
-8879
-3316
-7745
-8866
53
11325
6967
-133
14526
24124
8755
5308
4870
7434
4223
-10413
-9682
-9076
-12268
-20538
-7615
-1202
-14415
-9304
8624
12625
5737
3833
19907
23406
14621
7206
3616
9008
5264
-12922
-5352
-3403
-14023
-21342
-12617
-3050
-7226
-14508
2010
12776
8955
6286
9916
22231
16283
-92
10011
8424
1277
-17549
-10402
-5741
-15728
-22908
-17721
-4216
-11900
-9669
608
13786
9444
4571
12421
17995
10741
6251
8345
6127
1724
-7100
-2996
-9422
-17705
-24470
-14068
-1167
-9218
-11048
1878
11818
6389
-2052
17248
21507
11271
6572
1567
8540
-4980
-13069
-8064
-2315
-14778
-17977
-10012
-6560
-7903
-12438
-1346
10090
6579
7295
18743
24356
13029
4826
5597
12406
1235
-11483
-8152
-6627
-14973
-19667
-17660
-9855
-5406
-14310
2864
11725
9483
3657
11728
19772
10806
589
9148
13312
5217
-6139
-6876
-7166
-13888
-21746
-15386
-1351
-8938
-13380
-1047
11316
6107
4733
13478
24316
14871
594
9915
8428
-1753
-8581
-6775
-1946
-13087
-17578
-14085
-6859
-9280
-14833
1496
14117
15983
8164
15195
26905
12969
5048
11476
12621
-4488
-12029
-11381
-7026
-6160
-18929
-7464
-535
-7073
-13303
-365
9308
7510
3122
9529
14820
12027
3736
10176
8421
3754
-3727
-6109
-6385
-16382
-21441
-11894
-2711
-8286
-9091
-1361
13897
7728
5205
13684
17980
13711
2234
9306
10722
-2539
-15653
-10001
-5304
-10005
-19738
-15109
-9280
-1525
-8013
879
10954
6452
2672
14762
23074
14302
4977
10273
7611
1993
-13647
-12002
-9766
-13954
-20124
-12875
-156
-9086
-12867
-883
15886
5950
2867
16109
20995
12953
3491
7307
11627
1362
-14794
-13411
-8692
-12013
-22382
-12791
-4303
-11154
-8506
2208
5436
11296
7120
11068
19329
13518
4232
11359
12893
505
-11277
-7216
-7201
-14770
-19147
-17276
1366
-11082
-13534
-2712
13354
6241
7105
17599
17756
14402
3588
6156
14209
-1418
-10106
-11002
-2900
-15607
-15786
-11468
-3730
-7318
-7490
1449
8629
9503
-1258
13081
21399
12100
2448
4683
15363
-4759
-11335
-5264
-4182
-10922
-19841
-12768
-8050
-8775
-11141
-4197
12704
6844
4009
11339
23138
11373
2709
7054
12130
-1174
-12641
-6913
507
-13748
-25754
-12758
-2476
-9925
-16140
-6336
13755
4539
2372
16296
14528
15020
7120
9874
12209
-2791
-7281
-6152
-9958
-18386
-22830
-14154
964
-7073
-17551
4687
10671
4093
4009
13200
20084
10887
1490
10479
12959
483
-15649
-2548
123
-13678
-23517
-11511
-2929
-6451
-8115
1444
7620
11313
7679
13875
24347
14493
-318
11640
11093
-2159
-8646
-8193
-8191
-9510
-20533
-14535
-7216
-4244
-10409
-661
9024
12211
4332
13212
21277
14637
7916
12470
7120
-132
-14215
-6296
-1714
-12209
-18571
-14815
-3704
-10367
-12830
2803
14194
12457
2147
20005
20177
16440
8720
12308
9293
-994
-10390
-12818
-3051
-15647
-23770
-16662
-10876
-7813
-13062
-557
12589
10609
6606
15420
21459
7466
6883
4716
14776
2264
-8057
-10288
-4933
-12548
-21490
-16167
-7577
-8902
-7133
-3822
9071
4027
6127
13752
19875
9391
8914
7848
9795
525
-13635
-7378
-254
-9237
-19950
-10628
-4010
-8052
-15679
-4678
14932
6353
1906
13331
23227
15561
1976
7759
14161
-1569
-14351
-10263
-4443
-10032
-21709
-10877
-3118
-7170
-13397
-629
10855
7645
7074
13157
20060
14449
6527
7584
11768
-5831
-14605
-11139
-6934
-14571
-23696
-12515
-7821
-6456
-5810
-851
12170
10468
2816
14944
18800
14509
2133
6469
16148
-3843
-11257
-9167
-4433
-12238
-19379
-14619
-9702
-10927
-8384
4185
14655
11955
2292
9777
19746
12209
1070
6102
11628
4707
-12440
-6472
-4585
-8948
-21603
-9748
-5185
-8191
-9668
-1355
7723
6331
2747
16972
22147
12718
5895
10247
12055
4957
-13276
-9112
-1548
-14114
-19810
-11930
-4631
-9575
-5737
-843
9013
12979
6083
15788
21799
12273
4049
8012
10055
1169
-12087
-7759
-3032
-12800
-23592
-16552
-3746
-5583
-15652
-3017
10780
7508
5375
10244
21012
17632
521
7551
13139
-2230
-7046
-13208
-3785
-16219
-19601
-15356
-8525
-5719
-13641
886
7174
7472
5771
10629
21080
16068
5612
9349
12246
-3814
-16382
-8206
-6416
-12282
-20802
-9803
-2623
-6446
-12303
-735
8531
8301
3433
14422
17400
12648
1367
4803
9620
1216
-8384
-3655
-2260
-8672
-18508
-14766
-3466
-6657
-8318
2872
10701
9586
-382
15200
24885
16394
2154
5394
12707
-808
-13823
-8942
-9858
-16005
-20088
-14991
-4106
-10172
-16489
-1527
10752
4904
-372
12845
20347
12580
5466
5916
8712
3217
-14119
-3850
-6457
-13287
-22951
-15872
-4925
-9578
-17190
-2637
9471
5731
-200
13492
19183
15750
3968
5060
11282
9
-10325
-9461
-2743
-16480
-19513
-14484
-9219
-8694
-8826
3514
10569
5248
3286
11341
19804
11976
2318
7463
17487
1540
-14967
-7836
-3460
-12724
-25486
-12748
-1491
-7011
-10784
-354
10594
5127
6376
14838
24186
15780
4999
7778
9834
2155
-11823
-8338
-2575
-10774
-18062
-16459
-6597
-7320
-15634
-1366
13055
3595
5137
15640
21141
7950
6153
10312
9431
1785
-10859
-7298
-4230
-11154
-21768
-15008
-7380
-15672
-12928
-1638
12497
3642
1864
16251
15610
10962
3177
-501
12207
-2752
-16030
-8063
736
-12977
-26933
-12179
-6179
-8214
-14442
322
7368
3355
2684
11875
18847
15139
2102
7286
16776
518
-13482
-10546
-7663
-17632
-22322
-14520
-8436
-15787
-12051
1553
14011
8907
4110
11352
21707
10872
3830
9763
17555
531
-15113
-5978
-1380
-9503
-21790
-6149
-5605
-5774
-11048
2025
13424
9531
-473
10274
23769
10136
8191
9896
13445
-4896
-10429
-10801
-3329
-15285
-19274
-14642
-2744
-7067
-8199
-2599
17341
9052
5506
14851
24415
11033
9324
9259
9862
-1868
-9478
-10427
-8217
-14351
-24279
-19157
-2154
-9651
-7540
1609
11914
7151
5274
15916
21991
13675
4587
8822
17536
-1043
-9661
-6149
2025
-14934
-21708
-10247
-7146
-5265
-3828
-2306
12562
11414
1800
13812
21714
12868
1406
9378
10892
2917
-11779
-10006
-5465
-13804
-19283
-13876
-4197
-4598
-12752
6350
9323
8379
6725
17802
19872
8463
11663
6481
15013
3562
-8897
-5495
-815
-14138
-18157
-14562
-8917
-10979
-12826
-1527
6491
7027
7797
12785
24830
11225
11538
3305
6418
-407
-11414
-5884
-2728
-12856
-18164
-14264
-3644
-6487
-12388
-1264
9684
4894
7862
11123
19689
14704
-1255
6670
3526
4204
-12754
-10107
-1810
-15456
-17647
-19349
-1430
-9518
-12241
4093
10322
10186
2427
10747
21477
13479
3819
11038
13000
3230
-10718
-6969
-2677
-14977
-21946
-9997
-8125
-912
-13211
-1400
10738
10216
9924
13109
20809
11325
2613
6683
10279
826
-13268
-12787
-3532
-8478
-14778
-18089
-3472
-10064
-9005
-757
17684
9012
1930
9007
24200
13574
1903
7335
9960
-5554
-11794
-10590
-2076
-14614
-22669
-12962
-5053
-9929
-12646
2771
12176
8665
7507
11982
18210
15998
3671
-1761
14520
443
-10429
-3221
-750
-14976
-19352
-9746
-5704
-11619
-16465
-2719
17421
5038
6447
15993
23289
11516
-79
11237
12507
2638
-11837
-12036
-6805
-14532
-22272
-10912
-5451
-7513
-9202
-1788
10258
5202
4439
11262
17196
12660
5824
6909
11330
-1441
-12409
-12970
-2653
-9289
-14392
-15571
-2463
-9232
-9429
2311
13671
10843
4628
14056
21135
9941
3430
9879
9457
1796
-6945
-15627
-2564
-9994
-24061
-12404
-3691
-6358
-13285
-1973
13441
3773
5473
16771
20659
16426
2155
1495
11106
-2500
-13348
-13282
-9593
-15165
-21837
-16942
-5266
-8284
-14477
1827
17458
7324
4108
14309
17259
15963
806
10849
9322
-4224
-10727
-6950
-4207
-18413
-20320
-14559
-6180
-12612
-7168
-4230
11277
8333
10167
15479
21640
15037
-183
11154
10864
3390
-11139
-8559
-2067
-16049
-21167
-7306
-4693
-8323
-13036
-2487
7786
9760
6278
13096
22561
17745
3915
8039
8952
-6821
-10931
-12422
62
-11159
-17836
-14557
-3555
-4868
-11866
4194
14506
3377
1455
13066
19298
14038
2443
12576
12688
1550
-12928
-11838
-6104
-14094
-23260
-8329
-8388
-8383
-12457
-2583
16616
10179
2505
13635
22949
15896
2304
17426
7301
4460
-11024
-4765
-5854
-12184
-22781
-7037
-6123
-8444
-15257
-4404
11243
5136
4409
12551
15940
13200
6422
8879
13046
586
-7608
-3229
-1887
-13621
-27169
-9227
-5852
-9736
-9487
2391
11929
3347
4194
18706
15760
15996
4146
5826
8203
-1959
-15077
-7123
-3420
-13558
-19174
-11205
-3329
-11561
-9872
1075
13151
4636
3371
16301
20459
17679
1473
6183
10249
-1041
-8225
-11148
-2845
-11443
-18476
-17251
-3600
-9223
-10325
2442
13078
11729
3335
14857
19269
15806
-994
11335
8733
2778
-15115
-11283
-6633
-14573
-16886
-15351
-6499
-6121
-9623
3294
9539
6569
-1074
15507
18783
10955
5953
6586
9001
-354
-13545
-7313
-5861
-10990
-19450
-11851
-751
-8472
-10645
5853
7807
5489
1645
16735
19590
15863
2287
6576
15306
-479
-11686
-4934
-5038
-11576
-27141
-10874
-4195
-4317
-8123
-445
9667
7750
1345
19346
15287
9977
6691
5569
14357
-1145
-9805
-2494
-1903
-15351
-20782
-12732
-11391
-3037
-10982
3595
11870
9425
8634
12737
22119
9494
6566
2961
10682
-1816
-17449
-10669
-5620
-13677
-22396
-11652
-5655
-7169
-12804
-1884
6540
5567
10694
9005
19020
13237
5393
11929
7851
-4469
-16711
-3453
-3905
-14226
-23028
-15496
-1884
-7971
-11131
2817
5202
7211
8011
14454
22027
14640
1757
9665
10042
1562
-9893
-10231
-1432
-20028
-21644
-12525
-5847
-9391
-8957
-5633
11818
12447
8937
16713
21661
13918
7314
1695
10682
-3358
-5165
-1952
-6109
-12298
-20979
-13073
-5829
-6548
-11327
-683
15631
7452
4352
15248
22682
15055
4191
6116
9000
-1089
-8806
-9737
-1528
-13783
-20120
-14051
-6168
-8455
-10663
2805
12441
8135
3185
14212
18964
10218
7736
8897
9444
917
-8919
-5875
-4902
-12483
-19960
-18268
-8107
-7277
-13148
-805
13025
4765
8544
12883
21337
20741
4548
10891
16111
2438
-13138
-5611
-4593
-14461
-19807
-12397
-8098
-7556
-11626
-726
12734
8158
6889
8180
20789
10761
12118
4048
11974
407
-13245
-814
-8179
-11344
-21357
-16103
-1575
-15617
-4220
-346
12398
8553
5519
9999
14288
17096
6802
3019
11407
3789
-12134
-7399
793
-16734
-20674
-7691
-7035
-6709
-9241
-2491
14886
8192
9708
15395
23854
13187
3803
13085
11452
-2640
-14367
-4793
-7454
-14243
-21579
-14250
-5060
-10632
-12612
2149
7561
9596
920
11795
23328
14008
4319
10487
8444
3115
-12186
-3499
-5409
-10485
-21350
-11423
-6666
-6819
-9965
1779
11974
6617
2692
11184
24528
13096
4540
9477
14440
-2017
-9684
-3395
-2007
-16884
-18727
-14187
-4063
-10276
-8116
2335
13456
5462
10240
11883
18827
16553
-771
6264
15250
612
-15607
-10357
910
-13026
-23590
-11014
-9718
-7832
-15328
-964
10272
14755
604
12741
20924
10446
728
9440
10758
1411
-15429
-4842
-3146
-16140
-18284
-10381
-5388
-7251
-7482
1514
8510
1945
6567
9099
21988
13634
-2658
6430
8790
2060
-10436
-8014
-3386
-16737
-20025
-10763
-6543
-7863
-11317
-378
9714
9129
5593
14598
25812
14176
591
5104
9629
-639
-8514
-10254
1670
-11260
-21450
-10992
-4919
-7712
-8927
1589
14488
8547
3190
11886
18575
16339
4593
7718
9846
-2730
-7280
-10064
-5204
-12828
-18427
-10802
-10569
-5977
-13064
-4082
13514
8051
1045
13363
17176
14183
6226
3546
13284
2069
-11972
-7230
-4241
-14680
-19769
-11848
159
-1865
-11691
-1334
11542
6894
6610
20257
21756
15562
2522
9086
13213
-2902
-10566
-5439
-4757
-6739
-21335
-15916
-4318
-11515
-12775
4905
11340
11820
7191
7792
21704
15999
4002
5284
11866
438
-7341
-12199
-2198
-15888
-21666
-17151
-9954
-9359
-11236
4719
10010
9313
11069
18248
22637
13299
7647
10669
11096
-183
-12941
-5359
-7875
-14344
-22232
-12329
-1430
-6922
-10131
3399
8455
5773
7072
5727
19799
13641
412
6647
9239
-2670
-13977
-7419
-6121
-13135
-21879
-16530
-5019
-7583
-11890
2846
10629
11858
2482
14056
26743
4928
3262
6368
12254
274
-11898
-3932
-4194
-10281
-20166
-16870
-2776
-11608
-13579
1953
12263
5980
4986
10950
18487
12544
6969
5196
15658
2915
-15258
-8982
-2672
-15325
-18488
-14661
-773
-9671
-13903
1101
9160
9142
6578
13764
19971
10814
985
4981
11431
104
-8610
-7919
-3567
-15722
-22123
-9650
-521
-12605
-11130
-379
13008
8941
4934
9850
20918
11268
3591
3539
9906
2306
-15463
-10628
-6082
-13040
-27828
-11679
-6506
-8842
-5658
1226
15239
10618
4653
12281
20505
13157
8661
8030
11678
1412
-9586
-5175
-10036
-20321
-22850
-8260
-3472
-13395
-10699
-1198
9320
10825
6995
14099
20759
14012
5504
8711
15919
3954
-15303
-17114
-7687
-11450
-21334
-13798
-5726
-13040
-12148
1047
10537
13048
9365
14566
23301
17242
10289
7445
9648
-3597
-14271
-5264
-5752
-14043
-23446
-14497
-9821
-1178
-13235
1808
11009
5520
3018
11566
19355
17433
5609
6918
14855
2321
-7604
-6235
-4180
-7831
-21933
-12578
-7028
-8727
-13865
-818
15111
5308
2316
13695
19451
10789
4379
10036
9587
2059
-11826
-3070
-5812
-12639
-20948
-19828
-2410
-9729
-15919
-597
10468
7268
6359
13622
15760
16091
6031
11503
6055
3142
-7407
-7766
-10833
-13959
-26291
-11244
-2939
-5837
-12105
-4232
13063
5149
2858
11844
17627
15138
5078
10263
12755
-726
-10764
-12235
-475
-13244
-25728
-16295
933
-6643
-16945
-1780
12743
8003
3652
20001
21069
13838
3794
8498
10217
2973
-13651
-8092
-4689
-13967
-16789
-11960
-7758
-3224
-14093
2277
13106
8728
6107
18091
22702
12883
6818
9259
11701
-2326
-10541
-8136
-1330
-10167
-25115
-17613
-2095
-9195
-11369
-3962
7644
4213
5915
9261
25184
13976
1714
8355
15743
-1668
-11578
-5573
-7282
-10935
-20368
-11626
338
-7890
-14804
5693
12780
5902
5214
14900
19405
14490
6000
5772
8720
-7026
-15421
-6546
-7261
-15859
-25519
-16813
-466
-4772
-11004
-2403
11856
8329
3070
11514
21766
12353
729
9243
15238
-415
-12082
-8715
-6438
-13168
-20603
-15760
-5082
-10815
-14415
2523
13470
4697
1446
10509
24777
16760
1903
7856
7382
642
-9678
-11057
-1076
-12366
-12226
-14141
-6150
-8524
-9672
-5258
13996
5194
1979
16407
19157
16397
2276
13224
9743
237
-8722
-8043
-6807
-10938
-21683
-11673
-7177
-12001
-9060
2204
7968
4314
5401
19486
17262
11026
1630
11753
9133
-3546
-13412
-10465
-8030
-12414
-19682
-14451
-9702
-10726
-10662
-5280
11259
5765
5746
13623
24393
14501
7252
9570
11890
-95
-14393
-8394
-9252
-11674
-22203
-8377
-7479
-7947
-17184
-31
13831
4018
2862
11009
23229
13068
4850
10457
16081
-969
-14087
-7943
-3383
-16946
-16710
-7878
-4122
-11479
-12090
-2679
11399
5575
2995
18206
18279
10480
5205
4237
9796
-170
-14611
-6048
-5693
-11946
-22159
-15086
-6068
-13984
-16480
2291
9066
11604
5458
14493
20571
13675
3594
5246
15937
2847
-11294
-13161
-6164
-18365
-21374
-13371
-5273
-1422
-8737
-2225
18049
11945
5470
16908
18066
16574
6602
7392
7709
2946
-6718
-6664
-997
-18258
-22131
-17157
-1217
-8598
-9284
-1293
10018
7522
6018
16149
20579
12462
3856
3498
11801
-672
-12488
-12823
-3323
-13932
-23105
-11879
-5855
-4835
-6179
-3940
7132
8566
3989
13830
25317
12447
-1588
10982
13794
-4626
-9845
-11601
-6925
-9695
-19497
-12333
-1867
-12171
-11445
-1696
10576
7870
4227
9433
21659
12058
3226
11031
7192
3773
-12836
-1763
-3524
-13711
-22888
-19044
-267
-5260
-11134
1146
11435
8786
4509
14109
26773
8525
5012
9171
11258
-250
-7089
-5163
-6090
-11663
-20948
-14661
-5896
-6308
-13371
-813
8251
6381
8347
12500
18342
17229
5208
4311
11517
-1776
-10864
-9560
-6249
-10392
-17489
-10728
326
-12235
-12208
-4826
11731
8759
68
11545
17561
14058
1805
8348
10371
-3084
-9321
-8682
-5688
-18238
-17465
-16297
-4975
-6162
-11480
1939
9979
14020
3476
17799
17370
9963
5642
11899
10202
-31
-10391
-11716
-4215
-10789
-19846
-13106
-63
-3706
-5176
-3563
17705
4949
4627
15658
24222
9842
3876
10219
11961
-2038
-10903
-10226
880
-11923
-22096
-13127
-2839
-11786
-11712
-181
7935
14035
6998
14422
21692
11914
4400
6273
11368
-4208
-7745
-12399
-6695
-10755
-21458
-15122
-3356
-14858
-9731
-2238
8178
3406
10091
14800
23220
14080
3409
9400
13851
17
-10491
-12178
-1775
-15218
-19317
-12569
1255
-10095
-14195
-1806
10994
7634
-648
15779
19721
9727
4450
9212
12883
-1860
-12757
-3935
-2666
-15303
-26635
-17118
1974
-5916
-10115
-2954
11091
9766
6647
13034
22185
20054
4719
11558
11434
1176
-15953
-9880
-6920
-13095
-19809
-13768
299
-8191
-13611
-2829
10056
6097
4241
7315
20594
9626
7947
8636
11870
368
-8019
-12864
-4089
-12640
-25905
-11969
-3027
-12307
-7425
2860
6653
5363
-1596
12028
20917
19631
3915
5912
9126
-3709
-12882
-6859
-8547
-13867
-21346
-13609
-3320
-5855
-15126
7664
7158
9968
4720
13849
24424
16890
8049
12390
10227
1400
-9518
-6210
-5731
-15827
-16250
-9106
-6623
-5761
-10881
1925
10677
3413
5492
10214
16537
13571
801
11150
10746
760
-11671
-4232
-5649
-10667
-14116
-14173
-4448
-5421
-8128
-684
15790
3237
1924
12327
19889
18446
1529
3626
10477
-3954
-6312
-9866
-10487
-13013
-25576
-9476
-4574
-7264
-11074
-1196
17497
7493
4135
11255
20333
15756
6362
10875
14723
490
-13886
-10823
-3631
-18006
-24497
-16662
-5280
-4919
-14044
1550
8821
6496
2873
10677
15553
14432
4518
5341
9213
-2131
-14955
-3664
-5921
-12967
-16894
-16431
-6406
-10587
-11533
-191
6651
12088
3514
11403
21378
13753
5874
11093
11681
1235
-10852
-3793
-3706
-12586
-21027
-10785
-4643
-9794
-10766
4190
14666
11270
5240
15012
21447
21663
2912
5261
11187
-3534
-9306
-12778
-3971
-12500
-17449
-9221
-4670
372
-11583
-1992
11819
10159
1067
16523
21086
18218
7921
6036
12055
-2678
-11333
-8181
-9771
-12170
-19821
-12248
-6169
-8294
-5871
4064
10724
12325
1334
12695
17730
11711
8734
2903
8427
-276
-15074
-7829
-904
-10651
-17976
-13928
-81
-13959
-11676
-430
9856
9168
8089
14425
20668
7416
3276
2796
12340
850
-15991
-6824
-6708
-12853
-23787
-13474
-1695
-11228
-8371
-1384
17086
9270
5013
11542
18828
10502
3558
7337
4636
-9
-5857
-3122
-3936
-8127
-19086
-13990
-6711
-8338
-14222
1804
13405
13464
4702
16779
20801
14481
2806
11284
12166
1014
-8923
-3535
-9787
-12480
-20888
-8302
-1424
-5193
-13073
-1873
10621
13783
-2628
18436
20743
9611
4221
11696
13366
-3754
-15566
-14637
-8950
-16127
-24823
-13639
-6759
-13936
-11795
-1457
11080
7716
3837
12915
20586
10527
4745
5241
11408
1186
-11580
-12758
-5415
-15532
-26611
-16196
-6595
-6308
-9919
2622
13850
4915
2637
13585
17223
13641
5039
5753
8430
-4295
-9572
-10158
-3294
-11947
-20168
-16157
-6782
-11128
-14455
2117
13056
11577
3753
13050
21020
12226
2346
8308
14041
1361
-10248
-9040
-5646
-12206
-24894
-12909
-4173
-10687
-14980
-529
11039
9899
3704
11447
17275
13735
7
14147
12822
4398
-12474
-6284
-3981
-14033
-22457
-8801
-1620
-4081
-12810
549
14277
6951
5661
9892
21428
16801
2253
13160
11089
-3129
-11825
-7798
-2300
-12439
-21266
-12609
925
-6089
-10641
4547
15256
9049
1134
9708
18349
13726
5553
10395
11890
919
-15770
-8674
-3623
-15986
-13326
-16282
-1802
-4946
-7975
2208
9793
10380
2500
9240
20082
11744
2902
7727
13054
148
-12432
-5882
-5126
-18693
-26315
-14310
-7577
-8327
-12000
3342
8692
8125
3350
16553
18649
9428
2843
6904
6734
2565
-6518
-6500
-3200
-12680
-20341
-16295
-2928
-6902
-10198
796
12402
9522
7889
13371
21209
12406
6780
10065
8275
-2292
-6088
-9014
-7552
-13120
-20609
-16282
-8990
-7504
-13296
1371
14599
10380
7491
8816
22654
11521
9452
7641
11329
-730
-11104
-8822
-1908
-15560
-20684
-14406
-3144
-7496
-13803
-3401
10888
5231
-2098
19217
15668
11526
3533
9954
9475
1029
-14260
-13148
-5568
-9598
-22579
-14532
-3497
-5901
-13835
1739
10016
11743
7215
14962
19554
14415
6679
6761
12433
-144
-14994
-6631
-2406
-19257
-26433
-11479
-4090
-10018
-11839
1425
14532
8974
2033
14179
27173
17289
1779
2904
15254
2588
-11512
-6666
-5116
-14309
-17672
-13430
-10205
-10205
-10652
-3999
8692
10774
2041
12492
18839
12332
1477
7164
11270
54
-11236
-6256
-4528
-11429
-18370
-15453
-4503
-7766
-8184
-2066
14923
7104
3263
12716
18256
14868
8602
10556
10927
-56
-10396
-7571
-4840
-13319
-15780
-13901
-6995
-10101
-12257
-578
7080
11031
4548
12494
21922
12691
3934
7848
11256
-615
-9129
-10879
-5390
-14694
-19079
-14182
-235
-10797
-11272
2112
14945
11465
5566
10297
21616
11023
4284
14683
13122
2227
-10816
-11594
-1190
-11766
-21144
-11385
-6699
-7549
-11453
-39
12229
7538
2147
13502
19030
24335
5152
10787
9326
-1867
-15715
-6581
-4590
-14335
-23113
-9557
-1497
-9304
-14365
2157
11355
7907
-3832
15539
23120
12038
1414
8545
10092
3709
-10076
-10455
-1076
-14393
-22990
-8288
-8338
-6691
-15704
6436
7971
6731
5965
14242
21298
10142
3978
2642
7424
-90
-12163
-8026
-7923
-17081
-21685
-14960
-659
-12692
-11208
1820
12064
9596
2444
10327
22907
19860
8013
9610
9113
-2996
-11897
-6659
-4613
-9758
-23437
-14811
-4485
-8264
-17796
189
10446
8019
1568
12607
20260
14783
6272
10509
10763
-4919
-10902
-9894
1228
-10541
-20073
-15196
-6667
-3942
-9212
2512
16688
8973
3058
12579
20721
14814
8565
8172
10410
2529
-11008
-4651
-6427
-12639
-21137
-14516
-5375
-13509
-9355
-569
9138
13526
2474
16850
19576
21575
3349
5529
9373
4712
-11639
-6718
-6631
-18126
-18879
-16724
-2152
-10659
-8253
-4233
11348
11045
3019
15289
27500
9798
6366
6441
9658
263
-9426
-9454
-3584
-10546
-18939
-14622
-2947
-5837
-11214
-1505
12278
6487
1499
17768
21033
12156
3127
8511
9427
3855
-8690
-9420
-8179
-18275
-25471
-15158
-3400
-7464
-11484
-301
15612
6848
4943
8860
19539
16789
6213
4687
15043
2034
-14784
-6263
-6603
-6985
-24321
-12830
-8158
-8524
-9609
2719
17085
4915
278
12039
21152
15042
8557
9539
10084
2335
-11187
-10903
-3628
-15287
-15636
-11145
-2851
-6141
-13713
1819
7858
6055
947
13994
23203
15233
5458
7563
6273
-5400
-15191
-9758
177
-11734
-20669
-9034
-5305
-11301
-15168
-855
14745
6752
7444
13047
21733
15518
3571
7017
12067
34
-8779
-5220
-5913
-11553
-20250
-8479
-4980
-7894
-10924
4773
9983
7438
4283
14280
25942
14044
2387
9325
15043
-179
-10658
-8602
-8414
-5884
-19970
-16026
-5971
-10799
-11972
2449
13221
7231
3543
18609
17391
14995
3539
3045
12688
-3061
-9455
-12266
-580
-12551
-21808
-13534
-3193
-7324
-10145
1386
7786
7869
-1072
15370
24449
15091
6890
13305
11743
2648
-9574
-10231
-1448
-14095
-19373
-13266
-4160
-4385
-11720
-1396
16755
11597
-3403
13024
15899
11412
8847
8029
13081
5515
-11298
-10300
-2798
-18307
-21269
-14366
-1695
-7231
-12838
-2791
12676
11089
2833
13658
19699
13225
5911
8812
11865
-3700
-11648
-9174
-2916
-16591
-22831
-8564
1133
-5989
-11989
1017
9894
6779
6995
12240
20806
13574
1646
8477
12219
1229
-14739
-8201
-5220
-15840
-21413
-14250
-3024
-6933
-12565
-2418
12776
3813
9189
10771
22296
14696
7818
13509
10904
-256
-12039
-11858
-6172
-9880
-25256
-14473
-7342
-10751
-14829
-1409
10235
8167
1918
10870
14433
16399
2450
10145
15496
2612
-14787
-8667
-3093
-15637
-20137
-13612
2492
-11235
-14518
-2135
10310
5084
3750
16940
22674
19063
6271
7423
10829
772
-14586
-6957
-4889
-16770
-20466
-13494
-6502
-10147
-16065
-370
6674
10939
4639
14412
14511
12694
3195
6786
14144
916
-11596
-980
-3307
-16892
-23256
-9698
-1629
-9154
-14957
1163
7368
3995
5407
13617
20540
14187
7784
8414
13220
4587
-15275
-9560
-4029
-13586
-16966
-12294
-7347
-10238
-9902
-1052
6830
13362
-2908
9819
21293
9534
5215
5761
20650
437
-11932
-8033
-4485
-13791
-23751
-14305
-2707
-13011
-8306
-4931
10711
5955
5561
10500
17904
16421
2871
6686
13255
836
-11434
-7115
-6211
-13665
-21378
-11898
-5160
-16297
-11737
2048
4989
4473
825
14986
19227
15217
2059
4998
7919
-1362
-15131
-9133
-7992
-14083
-23276
-17155
-5584
-13691
-13132
965
15823
5364
3476
14007
23654
13420
6572
12072
8480
3023
-14900
-7419
-5511
-11196
-21936
-10360
-6914
-6357
-10032
-488
13839
10186
1661
10355
18903
11040
1346
4663
15444
-2410
-12131
-8109
-1183
-9679
-19379
-12140
-3917
-4421
-9922
-1120
11572
6890
12502
14281
22320
15594
13347
9475
13702
-1121
-7478
-3863
-3716
-13162
-25181
-14286
-5421
-9410
-14394
-473
12646
10277
4783
10062
17556
9882
1629
8314
10499
732
-12234
-3495
-4870
-11797
-23720
-15246
1113
-3102
-8601
1883
11120
5966
3226
16597
22682
16990
4905
9818
15982
579
-14112
-4976
-1597
-11774
-22587
-13013
-7310
-12882
-11420
-1436
14171
7002
6115
14886
24618
7233
5828
10065
11210
-1361
-9421
-7633
-6685
-19405
-19371
-10143
-7920
-9406
-15011
4863
7891
6078
3586
14212
20701
10941
6112
5270
11499
-4679
-8921
-12234
-5232
-10895
-19437
-13859
-5300
-8376
-7537
-2007
17519
11074
6970
13809
12502
10176
5672
11039
9763
1081
-8397
-8114
-7938
-9989
-23911
-14448
-5646
-4795
-8430
-1392
14054
10437
6616
13017
23930
13375
6932
10639
9177
-3124
-9558
-8559
-5620
-15521
-19820
-11680
-3447
-10087
-11739
-217
5102
6795
2523
12641
15613
13915
2623
10099
7906
1741
-9854
-8254
-2801
-12913
-22731
-13450
-3596
-7448
-9085
-2087
9085
7247
5817
8733
24046
14602
-521
7377
16986
2288
-13200
-8167
-6652
-12857
-20950
-16634
-7629
-5443
-12773
-585
13347
9195
-3494
16290
20867
9241
4751
6722
8676
-1600
-10204
-5667
-536
-14876
-24291
-12822
-6217
-11213
-8545
823
10430
11092
6077
15652
16947
13217
5250
4608
10409
-2294
-8953
-10372
-5617
-9367
-14584
-11745
-2773
-9022
-11766
2339
16057
8415
4557
6769
16461
11650
6169
8538
7196
1031
-11161
-6614
-2214
-14464
-26837
-12766
-4773
-9568
-12818
-5894
9026
6768
4819
12783
20350
17898
3364
8674
7473
-128
-9902
-9056
-3667
-13196
-26125
-14201
-6255
-9275
-10980
1360
8104
12642
935
15064
19571
18566
8326
11989
12211
641
-10488
-10448
-4915
-8458
-24974
-11166
479
-10224
-12551
801
11383
6231
1389
12876
20343
14210
6763
11147
10060
2803
-13558
-11326
-7524
-12595
-23857
-12212
-4991
-11721
-15524
-1540
8751
6008
-3464
10175
18935
18151
4107
11396
13759
-1878
-10597
-6691
-3189
-15002
-20004
-12644
-3954
-9092
-13207
-5586
13182
6852
7612
12321
21724
12202
6580
13792
11652
1136
-11712
-5873
-3655
-14069
-25301
-18046
-6787
-8901
-9726
2253
11373
10392
4993
11179
19497
17144
6274
10925
8539
332
-12227
-7966
-7160
-19084
-20028
-13519
-3928
-11169
-11109
-1601
9700
8154
1769
13960
19760
18541
6306
8807
7863
-3466
-9890
-7402
-4487
-9500
-21209
-11817
-5975
-10023
-12527
-2269
8977
5737
-44
15692
19586
15261
1270
5654
14169
773
-8894
-2301
-265
-17147
-13866
-15469
-2713
-5988
-9543
-1390
6976
11535
194
16585
19014
14237
10406
5829
9468
5750
-11899
-8581
-2235
-18055
-19259
-15245
-9358
-11897
-17071
3754
16432
6500
5489
13679
17762
14399
3771
5966
7828
1297
-8831
-9710
-2260
-13283
-17752
-10446
-4178
-5917
-8773
-1358
7065
11022
5267
16238
23138
11651
-2486
8136
12687
3991
-2659
-4777
-5732
-10079
-20786
-10428
-3525
-9085
-14112
-3284
8151
10271
2496
12832
18160
14982
3553
7454
13798
-2025
-9922
-8532
-4588
-11077
-19415
-6311
-6295
-9721
-12694
-2737
10775
7836
2662
14057
21225
14960
6750
12874
7781
2534
-8486
-5778
-5710
-9352
-23109
-10428
-4551
-8241
-11658
-6170
17781
6213
4270
11252
16584
15351
5993
10308
13796
3931
-11770
-3772
-4973
-14483
-27608
-10653
-3999
-7513
-9622
-2531
11327
7648
2386
15020
15723
14715
6472
5669
13416
5739
-8700
-9377
3294
-12817
-18029
-12757
-6486
-1801
-11163
-1368
12553
5657
6759
13318
20489
12222
4251
9842
15029
6468
-7198
-8561
-4533
-11527
-21711
-15582
-5148
-7499
-9711
-5453
11347
8233
1545
9821
23456
13728
4090
7644
10245
2390
-13183
-15782
-7751
-14534
-19946
-14802
-4999
-4783
-12355
4433
9486
6365
1524
14948
26460
11856
2989
14551
7717
-2596
-10309
-5467
-4064
-14934
-22870
-14777
-425
-5688
-13285
2138
10283
9244
6731
12267
16852
13605
1556
10654
12904
6896
-12602
-12649
-5202
-14073
-15573
-7601
-4556
-4104
-10908
600
13483
9144
-1163
14819
17987
10558
3359
5004
12933
-2751
-10704
-4423
-3984
-12320
-18020
-13466
-4821
-11826
-8859
886
11204
9116
376
14256
24272
15676
8435
10195
16377
-3912
-9652
-6267
-8093
-12450
-21218
-18989
596
-6558
-8352
20
7502
9802
8555
9249
20924
14825
3455
7074
15070
575
-7756
-10513
-5559
-6442
-21703
-11894
-3239
-4354
-7328
879
15685
9399
9768
15104
21563
14403
3113
3501
8958
1505
-10770
-8214
-779
-12135
-20449
-16605
-1205
-10022
-11516
1710
8835
6019
4386
12664
21516
17915
1015
8219
13861
1328
-14146
-7542
-8673
-15015
-23111
-11508
-2833
-9506
-13836
-1387
10971
7259
2673
11530
20529
11575
3936
9811
14124
-6310
-14111
-9860
246
-12620
-20216
-16687
-3795
-1951
-11612
-1935
6212
10815
10474
11143
20427
13929
4186
9512
10253
1843
-11488
-5294
-4469
-15555
-21646
-16818
-5450
-6184
-8837
-382
8522
7151
6401
14449
18430
12819
1340
10904
9775
299
-9499
-5974
-6091
-9446
-18280
-11189
-1625
-8192
-13166
34
16305
5584
2415
10857
23831
17827
6715
10203
13491
2721
-15246
-8024
-526
-6489
-20115
-13049
-7607
-9553
-12035
3475
10137
5598
5735
8101
23683
13680
1199
5334
10215
45
-10671
-8934
-5104
-15075
-17338
-14199
-2029
-8801
-15231
-1658
7932
6462
2092
13039
19282
17751
8828
10520
11519
-1714
-9923
-6652
-9229
-11684
-19680
-12187
2377
-10476
-13022
-1255
11379
4143
3105
16278
21926
9731
784
6225
14040
-771
-16270
-11630
-1107
-19119
-23440
-14928
-2822
-7689
-7592
-1798
7358
9687
7835
12918
22520
12681
5358
4553
10915
4697
-10449
-9718
-4653
-10473
-20692
-16403
-3165
-7626
-11459
247
13408
9299
3362
11644
19584
17041
-1632
3462
12346
4845
-8126
-7435
-4660
-12478
-27023
-11724
-3237
-7103
-10415
-1075
10556
9727
1749
12710
26214
15369
177
630
10197
-923
-15203
-5827
-4106
-15598
-26121
-9655
306
-7691
-11145
-626
11510
7966
4779
13740
21152
15444
2601
7229
13342
-1091
-13378
-13572
-2403
-17515
-27013
-17302
-10216
-3503
-9902
-52
14114
1848
5330
10501
17152
12735
7961
8982
14899
-510
-12095
-11150
-6780
-11714
-19646
-12806
-9568
-13132
-11919
2049
7325
4064
2149
11221
19863
10824
4756
6158
9862
-3055
-8941
-7363
-4899
-9614
-20091
-15592
-2126
-4094
-6419
1015
9944
9321
1934
12252
17158
15936
6300
9501
11281
-3459
-9993
-12590
-1099
-16121
-21332
-14790
-5404
-7226
-9644
4416
7794
13593
-1467
13121
22407
17293
3962
5068
13021
-5702
-7626
-7949
637
-9080
-29516
-17225
-2404
-9043
-6807
-4481
4357
10578
7567
15000
18036
17710
7469
6687
9452
-954
-12609
-4235
-6786
-11824
-26550
-15953
-4186
-11371
-8489
1034
8663
7127
7052
14549
17867
14741
6747
9167
9030
34
-7986
-8517
-1813
-7650
-22037
-11090
-2057
-8662
-11222
-1106
11238
7647
4466
11679
19636
13310
5563
8961
13224
1047
-7029
-11133
-769
-13885
-19958
-17343
-4794
1167
-7450
819
11322
11495
9075
10051
22878
14454
2558
8614
8726
985
-11084
-10070
-5817
-10759
-18999
-14578
-122
-7126
-10476
-1372
11954
9405
5311
14693
18286
8553
4448
9195
9373
3211
-6715
-13744
-6653
-16601
-24178
-15380
-3299
-7582
-11392
-2448
14826
6429
5311
16883
19307
10882
1496
11460
13625
-3492
-10083
-8727
-3293
-17674
-31406
-8811
-7783
-5854
-13446
911
10575
1680
5356
17695
17674
17428
341
8007
7773
-1281
-13637
-7647
-5717
-14970
-24632
-15962
-6485
-5557
-10309
3300
10550
11190
6639
10603
25048
14141
5535
8306
13388
3457
-14755
-9787
-1537
-10380
-20811
-14966
-2810
-10473
-10485
2567
10015
13621
9445
20099
22233
16803
4170
11791
10300
4707
-9754
-6077
-4144
-10162
-19817
-14133
265
-4773
-9413
-6602
10706
8160
7037
13043
20938
9935
1333
6934
12067
-2805
-9669
-11399
-1528
-10519
-21801
-8562
-3056
-2993
-11418
4206
8821
8462
-589
11998
13617
16100
2338
5644
9844
1127
-6822
-9641
-3047
-13205
-27928
-12014
-1939
-9415
-11095
-3175
7221
6009
2773
13144
22036
14968
6728
2646
10125
-321
-7801
-9598
-6270
-15689
-19212
-12989
-4247
-9128
-10477
-1776
11036
6854
1344
17031
18494
14121
6622
6298
5052
-755
-9584
-5254
-3964
-16450
-21662
-7931
-5374
-10223
-12287
-2618
7078
7335
5591
11511
23379
12667
3492
7887
8949
1937
-14154
-9156
-10202
-11786
-14255
-16216
-2932
-6892
-9993
1444
13290
6853
-1462
12299
23074
13062
4222
3513
10509
-54
-5928
-16551
-1029
-6271
-15279
-10936
-1836
-10737
-7997
-850
7872
10841
5666
18572
23139
19855
1231
7079
12789
1517
-10679
-13199
-835
-11468
-24584
-8332
-6798
-987
-10246
-1481
14372
4215
4135
17571
23829
12845
6577
9402
9726
4589
-7243
-6572
-3268
-11656
-17814
-7259
-2405
-8584
-13054
-2020
6792
8739
4572
10758
16343
14905
2124
8348
16341
-979
-12134
-6731
-592
-15680
-25831
-15203
771
-4635
-11103
1930
13810
3381
4598
8438
22187
11247
251
1628
13796
-3202
-10113
-10330
-3031
-15325
-23775
-13550
-4671
-7893
-7530
3844
7674
10331
1847
14263
17763
13965
2061
5015
14983
1424
-10737
-6839
-5449
-14256
-22361
-11690
-2372
-1060
-9753
2019
9817
9176
5487
12470
23353
14559
3125
9897
11406
1804
-14296
-12140
-3301
-13330
-18038
-15544
-7918
-4063
-10043
695
13892
10600
7143
10450
19309
12234
6142
5137
5084
-3101
-13566
-11715
-3763
-13753
-16988
-15822
-11755
-4470
-7588
-2192
10110
3473
3632
14884
23000
12971
3818
9391
14943
-247
-9579
-8199
-9760
-20736
-22029
-14342
-7767
-7423
-6385
-4701
11566
7317
3318
11564
20364
15836
2984
10003
10181
-2757
-13579
-11253
1827
-12533
-18305
-8474
-9937
-7604
-9625
-2869
9247
7345
6801
14330
21442
7725
7862
5230
6696
1661
-10347
-5085
-730
-8993
-17471
-12568
-5979
-10421
-10522
-396
9343
13592
2548
11670
19027
7959
2360
10495
9763
-1133
-11449
-8089
-4837
-16027
-24119
-11942
-1900
-9345
-9330
768
6417
6934
3980
17303
21459
17447
2890
8652
12832
301
-9927
-11353
-1996
-13459
-21420
-10657
-891
-9293
-9231
-1856
8582
4515
3474
14667
20417
15069
1872
6332
8395
-1064
-16004
-10897
-7004
-13875
-21472
-12533
-5617
-4692
-5231
618
11005
6301
3419
16070
20880
11724
5963
1754
14150
1227
-9761
-528
-1282
-14729
-19899
-11014
-5590
-10599
-6452
392
13951
8354
5777
11972
23956
14383
5268
7957
12930
1357
-12724
-7686
-6851
-15168
-23928
-7374
-8430
-6243
-9043
-3499
9422
4789
8180
20073
20536
14459
6158
6634
12258
-560
-13724
-6156
-7728
-17477
-20262
-20118
419
-8656
-13885
-320
12459
9557
3990
13016
28121
13144
6587
6768
13515
2680
-9936
-7228
-1545
-16310
-21593
-9932
-4568
-13486
-11864
1105
17175
6459
4928
18464
20700
10321
6717
3215
12244
-1796
-11806
-8086
-2089
-20422
-12424
-16278
-6270
-10094
-9383
-3002
7722
11346
896
14484
20912
8420
6684
9136
12508
-2287
-10556
-11124
-5695
-14112
-21576
-16207
-5548
-5275
-16014
1048
12961
10077
5470
14113
20565
18491
1501
1596
11629
-1840
-11088
-8630
-8559
-16982
-22582
-9919
-6076
-11656
-10545
2969
7225
5427
7125
12209
23599
17384
1812
5695
11170
1987
-12217
-10155
-1762
-8425
-22858
-11311
-7960
-9077
-8712
-3777
10379
11658
7630
12090
21072
10699
8414
9770
8324
2743
-10498
-7897
-3291
-17879
-18432
-13000
-4397
-7491
-15766
3445
8709
4634
9059
15363
17134
22385
2731
7849
11541
-11
-7265
-8346
-7466
-14785
-15666
-15577
-512
-6069
-9274
-293
9502
8325
-2867
17665
19496
16617
5244
12960
11445
-395
-7656
-3495
-6051
-8543
-22372
-13494
-8171
-8330
-12005
1324
10950
8308
2577
11952
19163
10537
6595
12501
11612
-2761
-12497
-13267
-5683
-14856
-23064
-13567
-5138
-10368
-9173
-3252
13965
11117
-646
13785
20033
14645
5187
13753
9572
3961
-8388
-8861
-7568
-10871
-20533
-14315
-1799
-11234
-18237
2504
10734
5671
3185
14068
21698
8268
6804
9872
9911
-2514
-8997
-6573
-7266
-10150
-20804
-14112
-3383
-3107
-7030
-938
12881
8744
191
10703
17795
19587
5713
4279
11699
191
-13324
-12145
-4763
-11288
-24265
-11637
-7000
-7202
-7471
-332
9805
11168
155
16750
24969
13334
2996
3836
9600
5886
-10351
-9141
-6325
-11700
-23703
-9452
-2424
-10027
-12002
-2367
16480
10827
6335
14661
16265
12427
7500
7418
15605
-1060
-13818
-9407
-7921
-13112
-17917
-10297
-3611
-6796
-13238
5569
10655
7490
444
12973
22885
11294
4160
11330
8040
-3156
-13662
-12069
-7653
-10120
-14288
-16502
-10279
-11784
-10188
3082
9970
5347
4559
8697
25030
12624
6423
4892
17479
-2507
-11815
-6338
-5155
-14796
-20565
-15498
-7141
-13173
-12325
-5811
8469
9658
3200
7938
17781
14322
2823
7366
12259
-1163
-15184
-7149
-8850
-11499
-18990
-9898
1013
-7045
-13600
-985
9773
5768
4696
16410
24246
14535
6604
10598
6515
-2026
-12723
-6411
-8684
-19565
-18134
-13781
-6009
-7485
-11448
-1418
12086
7159
7322
12834
23635
19888
-2316
5611
10149
1683
-9535
-8067
-11583
-12117
-21063
-17010
-3104
-10515
-10426
-516
11989
6699
8699
14294
15289
12739
5519
7241
15277
1272
-10336
-9389
-4407
-10174
-20990
-17295
-392
-10002
-7474
2258
14392
5879
4536
16815
25498
12274
5073
14089
12552
1387
-13668
-9501
-4511
-12545
-18291
-14794
-5027
-6271
-8415
-8374
4993
7058
2666
18621
21818
11693
6122
8297
11898
-2
-9085
-11812
-2410
-9169
-18935
-16283
-4571
-8179
-6617
1299
12285
9771
3428
14114
24100
11139
1486
10472
10042
-2571
-11790
-9608
-1894
-16432
-19078
-14649
-8856
-11640
-13818
494
10188
8967
3625
12651
20336
13028
3842
7905
6598
1059
-14054
-6315
-7252
-16409
-16385
-6677
-4509
-13808
-12466
-1895
14555
8311
5414
21544
18051
18018
5087
7963
14735
3473
-16982
-6846
-462
-9040
-20313
-15026
-1014
-13476
-15077
4071
7248
5559
6779
8349
24911
12424
6335
6807
13252
-1696
-8345
-3024
-11842
-14487
-20415
-10634
-6574
-12894
-11847
-1952
7715
7957
5502
10502
21028
13287
8043
12703
10010
-2714
-9664
-6006
-3859
-14721
-22303
-16489
-6751
-5059
-10383
2221
13355
10732
2254
11994
23421
13233
6211
6953
8217
-2738
-8523
-4512
-1970
-8805
-19889
-10212
-7059
-10354
-17561
1749
10729
11146
7252
17723
20418
16693
4591
7627
9502
2099
-10649
-7927
-4945
-16256
-24967
-14170
-369
-10238
-8304
215
11836
13453
6120
17730
13203
11830
5107
9604
10313
-43
-11079
-9070
4563
-16274
-23632
-12353
97
-12384
-8065
-3800
9101
9924
3446
7262
20784
11230
1794
8818
14168
181
-9875
-11844
-1592
-13949
-24798
-14639
-4325
-6750
-12348
-3807
12923
7417
6900
12991
24434
7530
835
9154
19237
4255
-11815
-9631
-3918
-9520
-18232
-17781
-6135
-3948
-10197
3691
14837
12878
1968
11015
23663
15334
4930
9204
11155
1415
-9166
-10248
-7531
-19679
-22724
-15881
-7490
-7481
-9549
3742
11548
8523
5886
13776
15313
14143
3731
8715
9421
-256
-7941
-8446
-5250
-12222
-21655
-14951
-5611
-8872
-11731
505
11143
15787
7906
11158
21395
5220
566
7670
11663
-3572
-8046
-7351
-4022
-14115
-22280
-9993
-5564
-10244
-12402
-414
15593
6562
2538
12548
22837
16869
5353
8413
5780
-3457
-9304
-11489
-5070
-16782
-18932
-12148
-353
-4160
-18274
4644
11128
6046
1565
13409
22190
13063
3356
6822
13256
-512
-8066
-9594
-4961
-14573
-22296
-10955
-7615
-12547
-9719
3526
12131
5451
4009
12244
23248
12363
4701
9740
11385
-3488
-13153
-5483
155
-14171
-18317
-19118
-460
-764
-12730
-2677
7530
8108
3567
12688
24388
12939
3143
10456
8262
5213
-16807
-8754
-849
-12993
-15953
-11266
-735
-9926
-13222
957
10277
8499
4152
10487
22410
13960
606
12025
5277
2523
-9781
-6366
-5486
-14817
-19883
-11754
-3629
-11466
-10378
-179
14159
9614
1654
15884
22440
15485
5948
5932
12645
2575
-11857
-7149
-5662
-13122
-25597
-7493
2554
-4793
-13458
-4836
9615
16496
5227
17439
24106
18248
4874
9734
10970
5441
-6664
-10333
-1431
-14637
-18858
-16736
-2542
-4270
-14788
391
14945
11104
3486
13894
24720
12108
4945
8162
10203
-2135
-10975
-7713
-2347
-13937
-25225
-21506
-3871
-9192
-9002
-1594
12165
10881
5635
11600
21275
9134
3384
9396
11888
-1503
-13928
-5564
-7529
-12555
-27414
-17159
-8148
-6175
-7618
-5944
11740
10728
3870
10389
20785
12573
8303
11339
15692
4925
-10006
-4784
-5962
-9602
-24626
-10056
-7417
-5906
-12714
-1123
12736
7264
4673
9001
24601
12792
5662
4032
11457
-2613
-9825
-9459
-5531
-11340
-21056
-13556
-3268
-9916
-10241
-929
7170
9815
9259
9841
25085
11247
-971
7790
11682
-4496
-5725
-8557
-8792
-9770
-22853
-6822
-6836
-6762
-7592
-2833
11205
7896
3348
9931
21475
15992
6369
10571
3801
-272
-15200
-10602
-4264
-16820
-20486
-8644
-8877
-4581
-8882
5546
11747
6408
5660
14646
17715
15312
8535
9627
11331
-1564
-7910
-10179
-5901
-19262
-20152
-13573
-11096
-9303
-12206
1340
10799
6623
3401
12738
20877
15046
4264
5132
8393
1046
-15814
-8339
-517
-14830
-22782
-14501
-4397
-5989
-12418
69
10940
10333
-3433
15149
25460
15216
-1951
11039
7922
2420
-9898
-5960
-2202
-16937
-24228
-8586
-6318
-9441
-14400
717
13000
8164
2625
9330
21824
10621
3983
9719
12637
-3609
-7340
-5753
-4560
-15409
-24282
-13359
-6513
-9872
-3655
-2530
7070
10900
1604
6561
21526
10892
3010
5980
11756
-2445
-10734
-10617
-2846
-13205
-17896
-13226
-853
-11379
-13598
1805
10870
9969
4430
11895
22274
13905
2594
9677
12804
-446
-10006
-7519
-4134
-14301
-15866
-18051
-5751
-14413
-14184
-120
13703
1948
5204
18059
16278
10694
7156
11742
17047
-1720
-13875
-7138
-3119
-14849
-26669
-12821
-7646
-8179
-11171
-1097
10294
3705
7669
11625
16275
13254
2017
6489
13183
-4160
-11717
-7327
-3563
-13330
-21079
-11472
-4574
-9147
-9778
2437
8251
8819
-3178
9677
21879
13771
2582
5355
12571
-3296
-14101
-7583
1503
-19242
-19898
-15507
-671
-9793
-17390
-3347
12173
7216
4861
15043
24315
8930
4819
1618
15002
1439
-16436
-6612
-5075
-9622
-15831
-10522
-2128
-5958
-15786
1183
6889
11480
1097
13335
16923
13991
9044
6658
12979
-1903
-8826
-4267
-3128
-11045
-17595
-15767
-6408
-11030
-12278
3149
8128
12709
7325
10780
20780
16434
7732
10064
15334
608
-13503
-11211
-6072
-14838
-20294
-11450
-2674
-6201
-8941
-5382
16243
11304
2139
13598
21566
10609
6960
942
14287
2139
-13016
-7655
-9032
-11898
-24143
-11622
-8309
-4101
-11965
2596
11871
9551
571
10678
16417
12624
2100
6397
13323
2203
-14242
-7948
-1393
-11380
-19272
-11846
-4051
-7281
-11819
-4126
10188
5346
4671
17004
24430
14620
-764
10826
12191
4686
-10966
-3556
-4063
-15664
-14762
-7710
-2742
-12927
-11024
-269
8264
3385
4760
16948
15144
10998
2779
9348
8908
-3033
-7998
-12499
-4425
-16385
-21819
-13036
1626
-9052
-12897
-2060
6554
11636
3978
9820
21336
16132
7439
8719
11109
1653
-6350
-10813
-6684
-14346
-19376
-11145
-2631
-11388
-12879
-2168
10353
6862
2524
11639
20908
16107
743
4455
13616
-779
-10426
-13609
-3846
-13427
-25928
-14868
-6470
-7429
-17370
-776
11627
8992
5119
13309
15819
13951
4561
11430
14218
732
-6928
-12571
-6662
-16786
-24479
-12015
-4755
-5321
-9663
-800
14904
10049
2265
13884
18015
11120
2497
11009
13010
-632
-14102
-10746
-246
-13454
-23228
-6301
-1839
-10308
-12039
-4878
13935
6644
2609
15160
25766
12430
12758
6534
5921
2584
-6030
-8009
-875
-14188
-19722
-16026
-4873
-7999
-15052
-5217
11150
11067
3134
17279
21447
13444
9413
6831
14023
1600
-8978
-10637
-5173
-11591
-21155
-12267
-5682
-7487
-7629
-1531
10030
6428
4387
9509
22866
10343
4432
6981
13233
-1802
-12159
-5632
-1670
-13288
-21218
-12930
1842
-7793
-12123
2029
11089
7468
8330
13058
21956
13873
11822
6281
10580
-334
-9852
-8041
-1231
-15400
-24054
-15516
-7230
-4517
-6779
663
10770
1121
3768
12376
18944
15116
1945
7769
12083
1166
-9136
-9334
-7344
-15231
-21840
-12670
-7787
-11671
-15495
-3522
8381
8869
2166
10998
25675
14878
3119
5726
11677
-1364
-10800
-10259
-2415
-10144
-22807
-9074
-2213
-3015
-13915
-1144
13476
9260
2213
11064
25322
18373
5794
9028
6755
3647
-6524
-7640
-6010
-14241
-20504
-11186
-5766
-7902
-11398
